file_path,signal_variance,rhythm_echo_strength,centroid_variance,spectral_slope,mfcc_12_max,mfcc_12_std,zcr_mean,spectral_crest_max,spectral_flatness_range,spectral_contrast_mean,rms_mean,rms_std,tempogram_mean,label
../data/raw/pump/id_00/normal/00000482.wav,9.225e-05,1.2258817,14315.25354681,-4.942e-05,8.22932053,3.36239648,0.09312132,36.72919464,0.07782778,14.70411894,0.00956206,0.00066013,0.27220571,0
../data/raw/pump/id_00/normal/00000061.wav,0.00010354,0.79491198,29193.62099316,-5.154e-05,13.65229416,4.54547167,0.06808325,56.69152451,0.06989086,15.0520448,0.01011269,0.00087923,0.24751498,0
../data/raw/pump/id_00/normal/00000832.wav,9.193e-05,0.63982904,11035.86645658,-5.209e-05,7.0129261,3.6706357,0.07370551,55.35774612,0.05154239,15.0324191,0.00953333,0.00074495,0.25456936,0
../data/raw/pump/id_00/normal/00000888.wav,9.615e-05,0.81465858,20741.09297528,-5.087e-05,8.59381485,3.80161381,0.06621281,61.13484192,0.03088876,15.04400408,0.00975498,0.00075244,0.24855066,0
../data/raw/pump/id_00/normal/00000640.wav,8.731e-05,0.40552661,11042.06689191,-5.856e-05,9.45656776,3.08319116,0.11702682,27.46543503,0.08353158,14.80067099,0.00930212,0.00067563,0.27671496,0
../data/raw/pump/id_00/normal/00000029.wav,9.813e-05,1.08239138,13621.44346286,-4.82e-05,4.56617308,4.44720745,0.11106292,62.98577499,0.07499555,17.0108117,0.00983081,0.00107759,0.24631135,0
../data/raw/pump/id_00/normal/00000819.wav,9.196e-05,1.68161023,12712.56037336,-5.172e-05,8.19454765,3.46137881,0.07583023,60.77764893,0.05718079,15.3462881,0.00953396,0.00085489,0.25362857,0
../data/raw/pump/id_00/normal/00000169.wav,7.877e-05,0.57096964,13266.73824027,-4.744e-05,12.07145691,3.99714971,0.1161891,47.55069733,0.07571188,16.77580464,0.00882795,0.00076905,0.25539798,0
../data/raw/pump/id_00/normal/00000753.wav,9.4e-05,1.01039231,4819.3563269,-5.721e-05,8.87720871,3.00902224,0.0698055,45.27323532,0.02783844,15.07165197,0.00965806,0.00060952,0.26018313,0
../data/raw/pump/id_00/abnormal/00000094.wav,6.12e-05,0.5326013,7575.11150239,-4.073e-05,14.04724312,3.37366915,0.10891012,48.67386627,0.05716584,16.68673333,0.00777647,0.00070851,0.26915047,1
../data/raw/pump/id_00/normal/00000033.wav,9.428e-05,0.71963412,32470.78621434,-5.474e-05,9.08028507,5.08431387,0.11349185,48.86619949,0.10646853,15.48436257,0.00953464,0.00176209,0.25783655,0
../data/raw/pump/id_00/normal/00000815.wav,9.329e-05,2.17427516,10208.7624167,-4.469e-05,10.05620575,4.26854563,0.08384241,71.16828156,0.06548647,15.80944906,0.00949706,0.00166649,0.23411816,0
../data/raw/pump/id_00/abnormal/00000054.wav,0.00026513,1.27329814,5686.1733591,-0.00010085,4.48875999,3.20879769,0.0924552,33.77719116,0.02833409,15.17486355,0.01606531,0.00246279,0.26473306,1
../data/raw/pump/id_00/normal/00000745.wav,7.122e-05,0.66313273,5242.06135504,-4.254e-05,12.46538448,3.73770142,0.09693553,51.38302612,0.03859437,16.96931546,0.00838928,0.00076091,0.26745809,0
../data/raw/pump/id_00/normal/00000404.wav,7.202e-05,0.73157668,8995.48927066,-4.408e-05,11.0018158,3.70666623,0.10469811,46.79961014,0.04922798,16.79903642,0.00844101,0.00069121,0.26922751,0
../data/raw/pump/id_00/abnormal/00000098.wav,7.117e-05,0.46492454,142352.11310521,-4.76e-05,7.28751183,3.40768027,0.15413619,44.74360275,0.20848665,15.18031449,0.00829304,0.00144795,0.27701294,1
../data/raw/pump/id_00/normal/00000506.wav,8.399e-05,0.90837109,5604.44863801,-4.369e-05,12.68620014,3.19689608,0.09894169,71.957901,0.03400566,17.35156584,0.00908732,0.00102808,0.27113566,0
../data/raw/pump/id_00/normal/00000338.wav,9.754e-05,1.37538958,11939.67582953,-5.584e-05,11.82185555,3.55166078,0.07293331,46.36247253,0.03015903,15.13105345,0.00983312,0.00067846,0.26011431,0
../data/raw/pump/id_00/normal/00000322.wav,8.138e-05,0.63426876,10162.94630344,-4.363e-05,11.78126144,3.14812684,0.10645467,78.4129715,0.05209991,17.18947647,0.00894634,0.00102656,0.27122051,0
../data/raw/pump/id_00/normal/00000543.wav,9.282e-05,2.59691119,6833.32430299,-4.39e-05,5.6029501,3.68291235,0.08405926,59.87170792,0.04333872,16.57697149,0.00957473,0.00088182,0.26143949,0
../data/raw/pump/id_00/normal/00000334.wav,9.714e-05,0.87122118,7055.76257471,-5.696e-05,9.19029999,3.14087796,0.07926536,43.35393143,0.03292681,14.69623305,0.00981303,0.00071478,0.26954692,0
../data/raw/pump/id_00/normal/00000542.wav,9.909e-05,1.22938561,5490.45313006,-5.757e-05,10.84460068,3.04893827,0.06915654,52.23321915,0.02388522,15.07024106,0.00991511,0.00063118,0.27196397,0
../data/raw/pump/id_00/abnormal/00000100.wav,0.00018083,1.19801664,17927.22397511,-7.784e-05,8.82075787,3.4600811,0.09198408,43.00897217,0.05139777,14.87048643,0.01301683,0.00329738,0.26263069,1
../data/raw/pump/id_00/normal/00000255.wav,7.793e-05,0.80493623,8629.32448092,-4.092e-05,1.21368527,3.32376337,0.13053333,58.04667282,0.0895208,16.23614697,0.008747,0.00107619,0.27645353,0
../data/raw/pump/id_00/abnormal/00000076.wav,6.907e-05,0.68832654,3511.27420384,-4.344e-05,10.71909523,2.91291094,0.110818,47.10421371,0.03378033,16.58148139,0.00826706,0.00064103,0.27757892,1
../data/raw/pump/id_00/normal/00000612.wav,0.00010124,0.49848792,12805.91370751,-5.668e-05,14.67604065,3.66889,0.07207218,72.3234024,0.05210389,15.03242826,0.00995182,0.00132402,0.255378,0
../data/raw/pump/id_00/abnormal/00000084.wav,8.328e-05,0.81647748,3021.10366807,-4.433e-05,18.27415466,2.71237993,0.09738325,57.45929718,0.02663725,17.11708444,0.00907223,0.00081422,0.27913871,1
../data/raw/pump/id_00/normal/00000593.wav,0.00010094,0.96740663,21015.60986231,-5.641e-05,12.61847401,3.19466925,0.0703671,58.82649994,0.06277411,14.90179969,0.00998795,0.00087775,0.25637056,0
../data/raw/pump/id_00/abnormal/00000086.wav,9.633e-05,1.24916208,3390.38971898,-5.668e-05,8.46931171,2.57826662,0.07309087,42.58601761,0.02928836,14.89569063,0.00976837,0.00075475,0.28166712,1
../data/raw/pump/id_00/normal/00000759.wav,9.925e-05,0.60573542,5415.9434312,-5.701e-05,9.52834988,3.17020059,0.07110966,48.92461395,0.03693105,15.18714273,0.00990633,0.00085091,0.26315064,0
../data/raw/pump/id_00/normal/00000911.wav,7.322e-05,1.9264313,7876.84179787,-4.316e-05,9.85082531,3.44786954,0.10549839,43.64928818,0.03637093,16.88712177,0.00851813,0.00061378,0.2473027,0
../data/raw/pump/id_00/normal/00000944.wav,7.253e-05,0.52802312,10031.67411133,-4.254e-05,15.11403465,3.2894218,0.13084377,58.5548172,0.10225107,16.53828212,0.00844918,0.00091611,0.26940845,0
../data/raw/pump/id_00/abnormal/00000007.wav,0.00024482,2.02448773,15215.73014958,-8.838e-05,6.57573891,3.18361139,0.08540866,51.34939957,0.04750465,15.18864134,0.01496122,0.00449874,0.26082672,1
../data/raw/pump/id_00/normal/00000947.wav,5.02e-05,0.14074241,56383.22715886,-3.62e-05,13.82305527,3.97432446,0.24769119,15.43717384,0.21053432,15.47055307,0.00702915,0.00076462,0.27450199,0
../data/raw/pump/id_00/normal/00000914.wav,0.00010001,1.24187851,7144.27720745,-5.799e-05,9.8749752,3.16859674,0.07809692,44.6256218,0.0301903,14.78720221,0.00995821,0.00066114,0.27005284,0
../data/raw/pump/id_00/abnormal/00000008.wav,0.00019834,2.20515013,25753.1077707,-7.507e-05,10.79922867,4.23280907,0.08670346,48.09723663,0.08291474,14.94506239,0.01348059,0.0039926,0.24506832,1
../data/raw/pump/id_00/normal/00000572.wav,9.049e-05,0.39795983,7899.62985211,-5.25e-05,4.53472996,3.19698381,0.07748696,40.86684036,0.03186544,15.05479902,0.00946721,0.00064306,0.2703255,0
../data/raw/pump/id_00/normal/00000910.wav,8.785e-05,0.49476591,5897.8585639,-5.263e-05,5.10836506,3.20905471,0.08625106,38.79075623,0.03302825,15.27308476,0.00932746,0.00065882,0.26914508,0
../data/raw/pump/id_00/normal/00000556.wav,5.25e-05,0.2405262,62453.55309582,-3.893e-05,13.48088074,3.91542816,0.21618379,25.81009483,0.13328485,15.92352942,0.00717915,0.0008618,0.27451857,0
../data/raw/pump/id_00/normal/00000302.wav,9.347e-05,1.67386353,18430.12019702,-4.843e-05,9.77989388,3.88603067,0.06390712,50.5748291,0.04057743,15.32037031,0.00962834,0.00063796,0.25245125,0
../data/raw/pump/id_00/normal/00000078.wav,0.00010426,1.37457025,14332.72641152,-5.884e-05,11.37288857,3.66605163,0.08456158,45.55639267,0.06672023,15.11868928,0.01017495,0.00060795,0.26416471,0
../data/raw/pump/id_00/abnormal/00000063.wav,0.00016323,1.94562805,23324.07395667,-6.572e-05,14.29553986,3.92511535,0.10390095,68.4637146,0.08058459,16.25812115,0.01240963,0.00284361,0.2397362,1
../data/raw/pump/id_00/normal/00000435.wav,7.13e-05,0.88883972,5127.45545749,-4.312e-05,9.35016727,3.55033588,0.10305386,51.83838654,0.02859652,17.02794035,0.00839458,0.00076975,0.2722402,0
../data/raw/pump/id_00/normal/00000429.wav,8.407e-05,1.05189455,15421.07286399,-4.002e-05,11.00363541,3.48328042,0.09077975,86.9056015,0.06965835,15.78231804,0.00903773,0.00143535,0.25972159,0
../data/raw/pump/id_00/normal/00000599.wav,8.318e-05,0.82077527,4290.66624954,-5.347e-05,10.044384,3.20394444,0.10384635,39.53746414,0.04918598,14.76607951,0.00907854,0.00063612,0.27325314,0
../data/raw/pump/id_00/normal/00000346.wav,9.61e-05,1.21080601,8666.39700143,-5.59e-05,7.63061905,2.9316237,0.07420783,39.63568115,0.03006354,15.13416885,0.00976198,0.00061725,0.27126781,0
../data/raw/pump/id_00/normal/00000875.wav,9.589e-05,0.66145015,18095.92179878,-5.22e-05,11.48741913,3.96740603,0.06950286,53.0447464,0.0493015,15.20341601,0.00972673,0.0009626,0.24284588,0
../data/raw/pump/id_00/normal/00000283.wav,9.613e-05,1.01718438,12177.39952498,-5.574e-05,8.5440464,3.05900884,0.07531699,48.07472992,0.06390291,14.97559107,0.00975484,0.00072691,0.26212782,0
../data/raw/pump/id_00/normal/00000067.wav,9.939e-05,0.51497281,20227.82554664,-5.383e-05,9.75713158,4.14937782,0.08422618,69.27518463,0.06079369,15.67762622,0.00988686,0.0011259,0.24793476,0
../data/raw/pump/id_00/normal/00000401.wav,7.419e-05,0.90616721,6893.4778487,-4.252e-05,12.97240353,3.66938138,0.09573277,53.55300522,0.03493951,16.9723615,0.00853968,0.00097004,0.27231504,0
../data/raw/pump/id_00/normal/00000278.wav,7.814e-05,0.40671265,71899.3835818,-5.257e-05,8.4891634,3.17187238,0.10150634,34.95023346,0.19983073,14.71064778,0.00869067,0.00150149,0.22884661,0
../data/raw/pump/id_00/normal/00000105.wav,9.846e-05,0.68145496,35376.36638176,-5.223e-05,12.77104282,4.09875774,0.07811876,49.38780212,0.06392055,15.08300757,0.00986856,0.0008266,0.24170588,0
../data/raw/pump/id_00/normal/00000826.wav,9.494e-05,0.32341486,11126.09955178,-5.817e-05,11.34014893,3.36243773,0.11922019,30.03083801,0.06832497,15.07140408,0.00958657,0.00164778,0.2666717,0
../data/raw/pump/id_00/abnormal/00000030.wav,7.644e-05,3.04669905,19144.85607328,-4.203e-05,13.33765411,4.66192102,0.11518445,57.68169022,0.09801047,16.77067154,0.00869125,0.00075754,0.24548536,1
../data/raw/pump/id_00/normal/00000308.wav,8.489e-05,1.75700045,9367.84935547,-4.445e-05,16.20992661,3.39886045,0.1032473,48.94477081,0.04780217,17.46148679,0.00916197,0.00076877,0.26655111,0
../data/raw/pump/id_00/normal/00000202.wav,9.721e-05,1.36202514,13496.87838611,-5.688e-05,8.17186356,3.55941844,0.08433538,41.77669525,0.06243473,14.74511872,0.00981245,0.00070951,0.2542952,0
../data/raw/pump/id_00/normal/00000968.wav,9.832e-05,1.04254603,11226.83098547,-5.882e-05,11.11942673,3.52138519,0.07462903,39.11386871,0.03897587,14.71469426,0.00987531,0.00064246,0.26269313,0
../data/raw/pump/id_00/normal/00000486.wav,9.23e-05,0.5725531,6871.36601676,-5.279e-05,7.45671558,3.40388417,0.07065414,50.63921738,0.02283296,15.42306198,0.00956347,0.00071483,0.26919428,0
../data/raw/pump/id_00/normal/00000007.wav,7.735e-05,0.65696108,12443.18429011,-4.794e-05,11.04403114,3.72721481,0.11901894,41.59407806,0.07793935,16.39801969,0.00874735,0.00076458,0.26030154,0
../data/raw/pump/id_00/normal/00000881.wav,7.345e-05,0.58259004,9396.28085114,-4.676e-05,13.25272083,3.87960219,0.11122984,40.1885376,0.07802458,16.48436345,0.00852412,0.00069566,0.25114709,0
../data/raw/pump/id_00/normal/00000263.wav,6.195e-05,0.13711657,14311.02988359,-4.63e-05,11.03514671,5.91305542,0.18854988,25.98676491,0.12001091,15.68452897,0.00779346,0.00098413,0.27598625,0
../data/raw/pump/id_00/normal/00000756.wav,9.401e-05,0.54751331,4614.59012863,-5.877e-05,6.873703,2.90860605,0.08165685,39.23155975,0.02341814,14.791243,0.00965109,0.00065577,0.26533264,0
../data/raw/pump/id_00/normal/00000191.wav,9.815e-05,0.34971091,33583.03383755,-5.109e-05,8.58570385,4.03503036,0.07910624,59.88517761,0.08165625,15.60962547,0.00976098,0.00155245,0.24969441,0
../data/raw/pump/id_00/normal/00000272.wav,5.848e-05,0.15343259,5078.27075653,-4.923e-05,10.24285889,3.53237677,0.19768371,18.35004807,0.06083824,15.62457487,0.0076227,0.00039581,0.27604839,0
../data/raw/pump/id_00/normal/00000101.wav,7.766e-05,0.73014855,10451.40408651,-4.55e-05,19.89059067,4.0945549,0.12000799,63.36550522,0.0659814,16.49658213,0.00874215,0.00095777,0.24869809,0
../data/raw/pump/id_00/normal/00000231.wav,8.081e-05,1.89982736,7040.27267777,-4.469e-05,11.82801437,3.29863477,0.1031771,47.61906815,0.04393504,17.02655477,0.00894903,0.00066485,0.26939314,0
../data/raw/pump/id_00/normal/00000859.wav,0.00010017,0.89135563,22065.37615203,-5.9e-05,8.39459038,3.25455189,0.07737932,37.36808777,0.08519214,14.82930361,0.00996731,0.00065378,0.24908511,0
../data/raw/pump/id_00/normal/00000651.wav,9.651e-05,0.89867127,14986.99029868,-4.684e-05,15.50637436,4.91534328,0.05088889,89.78688049,0.02362282,15.38302368,0.00970297,0.00142503,0.24456534,0
../data/raw/pump/id_00/abnormal/00000068.wav,0.00029683,1.28770077,8487.52244846,-0.00010373,6.51690102,3.33742189,0.09061595,38.27503204,0.03252484,15.18611973,0.01680185,0.00364466,0.2680461,1
../data/raw/pump/id_00/normal/00000726.wav,8.84e-05,0.73074514,40251.91452954,-5.21e-05,10.86308575,5.19172859,0.09781381,55.81026459,0.07567763,15.69266825,0.00921407,0.00179978,0.26979479,0
../data/raw/pump/id_00/normal/00000170.wav,0.00010704,0.90566671,22567.5425265,-6.017e-05,15.00757217,4.5890727,0.08316225,44.81360626,0.04875636,14.82612879,0.0102744,0.00102804,0.25471672,0
../data/raw/pump/id_00/normal/00000370.wav,8.074e-05,0.57010549,15380.56640921,-4.789e-05,10.2485466,3.93768883,0.08592502,54.3756218,0.03991371,16.40088531,0.00892315,0.00089065,0.26838076,0
../data/raw/pump/id_00/normal/00000488.wav,9.417e-05,0.85099465,13238.22650912,-5.053e-05,14.00528812,4.35615063,0.05891511,60.0670433,0.02454976,15.49512572,0.00965455,0.00079199,0.25683108,0
../data/raw/pump/id_00/normal/00000970.wav,9.247e-05,0.7092883,26650.07292422,-4.998e-05,6.7141161,3.46525073,0.07264159,66.79060364,0.10968737,16.03330741,0.00951612,0.0012539,0.25903345,0
../data/raw/pump/id_00/normal/00000702.wav,6.697e-05,0.70118523,6242.77304921,-4.268e-05,11.84336281,3.749228,0.10848736,48.95433044,0.03864258,16.9532897,0.00812806,0.00078996,0.26887457,0
../data/raw/pump/id_00/normal/00000822.wav,0.0001016,1.06960881,16492.47123716,-5.88e-05,11.12213326,3.72516155,0.07644332,35.78698349,0.09897747,15.13916451,0.01003476,0.00068484,0.24703674,0
../data/raw/pump/id_00/normal/00000243.wav,9.876e-05,1.5291301,9964.27799255,-5.58e-05,10.42040634,3.33271837,0.07401907,52.51420593,0.0354449,15.00328433,0.00989154,0.0007043,0.25864064,0
../data/raw/pump/id_00/normal/00000891.wav,9.873e-05,1.22020328,11339.35907831,-5.769e-05,10.1417923,3.27547359,0.07317355,42.73692703,0.04669257,14.88899143,0.00989198,0.00072145,0.2644416,0
../data/raw/pump/id_00/normal/00000103.wav,0.00010466,1.19064176,21479.70895118,-5.896e-05,13.288414,4.05922842,0.08316069,41.66152573,0.07406628,15.16902048,0.01018701,0.00071281,0.24776811,0
../data/raw/pump/id_00/normal/00000163.wav,8.314e-05,0.78779387,17828.4272793,-4.617e-05,18.9756012,4.14543343,0.11374769,51.79273224,0.11917166,16.68671351,0.00905808,0.00088166,0.24692295,0
../data/raw/pump/id_00/normal/00000418.wav,7.484e-05,0.53126705,8865.68507186,-4.621e-05,9.9410162,3.72449303,0.10632051,45.27593994,0.05270849,16.78833994,0.00859377,0.00081974,0.27000745,0
../data/raw/pump/id_00/normal/00000114.wav,0.00010338,1.5673238,17149.99983919,-5.824e-05,12.87839603,3.81251431,0.08300001,42.14504623,0.069484,15.15760741,0.0101258,0.0006603,0.24806323,0
../data/raw/pump/id_00/normal/00000614.wav,9.916e-05,0.91766536,6463.97788207,-5.787e-05,10.10855675,3.34247661,0.07623272,37.99171066,0.03075922,14.89624686,0.0099047,0.00076762,0.2712706,0
../data/raw/pump/id_00/normal/00000772.wav,8.718e-05,0.76591378,8414.46746294,-4.854e-05,6.02899504,4.1014185,0.07788476,60.39546585,0.02810195,16.80852668,0.00925751,0.00108265,0.26339099,0
../data/raw/pump/id_00/normal/00000400.wav,9.599e-05,2.52490687,13001.2638987,-4.734e-05,7.4744482,3.97035456,0.05823027,51.49436951,0.03571981,16.08095292,0.00975565,0.00061412,0.24708997,0
../data/raw/pump/id_00/normal/00000686.wav,8.533e-05,2.26888752,5181.76746615,-4.542e-05,14.99855518,3.86423969,0.1005797,64.02069855,0.02915161,16.83024638,0.00918658,0.00077533,0.27127245,0
../data/raw/pump/id_00/normal/00000898.wav,9.809e-05,0.93503857,7852.90069044,-5.755e-05,9.56151199,3.079988,0.07750256,43.70878601,0.04642481,14.97342106,0.00986737,0.00058744,0.25969247,0
../data/raw/pump/id_00/normal/00000555.wav,9.077e-05,0.54424167,7307.82019975,-5.133e-05,4.88260221,3.24520898,0.07329211,53.73301697,0.03272029,14.9103849,0.00947533,0.00077165,0.2727311,0
../data/raw/pump/id_00/normal/00000716.wav,9.565e-05,2.49084377,13876.23869692,-4.748e-05,12.34386826,4.30111074,0.05655482,54.07643127,0.02553778,15.98653719,0.00973769,0.00067718,0.25060391,0
../data/raw/pump/id_00/normal/00000664.wav,8.556e-05,0.35380402,8917.06036379,-5.201e-05,4.80581617,3.35158777,0.0845803,40.59526443,0.07341431,15.97291839,0.00920694,0.00064697,0.269433,0
../data/raw/pump/id_00/abnormal/00000082.wav,6.208e-05,0.26416764,7700.98202098,-4.736e-05,3.3907671,3.30185223,0.17507145,41.62956619,0.08280255,15.37771676,0.00780443,0.00089028,0.27411708,1
../data/raw/pump/id_00/normal/00000683.wav,9.842e-05,1.3196286,5792.36300134,-5.704e-05,8.42246246,3.10241437,0.06763397,49.40211487,0.02791439,15.1515848,0.00987462,0.00065952,0.27166525,0
../data/raw/pump/id_00/normal/00000414.wav,9.919e-05,1.06804311,5532.7484543,-5.796e-05,12.05158997,3.24559975,0.07610011,40.44081879,0.02931005,14.74755925,0.00992269,0.00058125,0.2703406,0
../data/raw/pump/id_00/normal/00000844.wav,9.233e-05,0.50055611,15506.93187325,-5.323e-05,6.97336578,3.78631139,0.08002352,51.36199951,0.05033106,15.14433302,0.0095646,0.00070638,0.253574,0
../data/raw/pump/id_00/abnormal/00000110.wav,0.00023563,1.37133622,32815.23279123,-7.697e-05,15.58947754,4.31785679,0.10030514,69.90705872,0.0696994,16.12913693,0.01457954,0.00474249,0.24962554,1
../data/raw/pump/id_00/normal/00000006.wav,0.00010416,0.96244979,50827.55246736,-4.76e-05,19.32575226,4.92249155,0.07600183,76.86167908,0.12456844,15.6885979,0.00982565,0.00269903,0.22909766,0
../data/raw/pump/id_00/normal/00000793.wav,9.732e-05,1.32067132,6806.91584133,-5.87e-05,13.13699055,3.47576332,0.06906606,41.59067917,0.033723,14.96595404,0.009822,0.00065254,0.2706619,0
../data/raw/pump/id_00/normal/00000540.wav,7.479e-05,0.65224737,7282.90405169,-4.283e-05,18.21233177,3.81031847,0.11130784,60.22446442,0.0652499,17.06604001,0.00858124,0.00095307,0.26590505,0
../data/raw/pump/id_00/normal/00000945.wav,8.094e-05,0.93929327,9429.45513238,-4.512e-05,8.92000961,3.01699638,0.10586343,65.03947449,0.07450938,16.73208456,0.00891753,0.00101441,0.26560584,0
../data/raw/pump/id_00/normal/00000896.wav,6.626e-05,0.57089347,9770.05354141,-4.395e-05,11.49429607,3.38465071,0.11137493,56.42821884,0.07554722,16.45944508,0.00809464,0.00068708,0.26312233,0
../data/raw/pump/id_00/normal/00000225.wav,9.639e-05,1.04671419,8621.83237396,-5.664e-05,7.74715042,3.17802691,0.07997048,41.13845825,0.0375966,15.22866948,0.0097705,0.00078008,0.27337408,0
../data/raw/pump/id_00/abnormal/00000055.wav,0.00017016,1.08962882,25400.5331189,-7.365e-05,13.26946068,4.01739454,0.09928645,42.66283798,0.0856858,14.79253061,0.01253621,0.00353046,0.24363287,1
../data/raw/pump/id_00/abnormal/00000070.wav,0.00025287,1.12692881,13206.70588505,-9.07e-05,8.54503632,3.73372936,0.10030202,37.60569763,0.04491479,16.24338506,0.01546116,0.00358606,0.26684699,1
../data/raw/pump/id_00/normal/00000704.wav,9.6e-05,1.8887738,13184.39094812,-4.788e-05,13.66262817,3.77979755,0.05421482,50.93670654,0.02375398,15.85313579,0.00974699,0.00078406,0.2536201,0
../data/raw/pump/id_00/normal/00000461.wav,0.00010428,1.32029343,5690.59976096,-4.699e-05,11.95030308,3.80861664,0.09395904,81.93829346,0.03430777,17.53521398,0.01012172,0.00118936,0.27238638,0
../data/raw/pump/id_00/normal/00000595.wav,9.795e-05,1.29225612,6285.90166268,-5.687e-05,8.06312752,3.07106209,0.07193334,47.42253113,0.04252871,14.71754316,0.00985299,0.00068743,0.26354038,0
../data/raw/pump/id_00/normal/00000447.wav,8.259e-05,0.64496118,6187.02786014,-4.444e-05,16.5572052,3.60426259,0.10142054,62.69253159,0.04119325,17.12351473,0.00902461,0.00087079,0.26720901,0
../data/raw/pump/id_00/normal/00000639.wav,7.347e-05,0.68152833,4948.61851773,-4.516e-05,12.60900974,3.61690021,0.10367943,49.35250854,0.03537691,16.94588652,0.0085239,0.00069249,0.26978382,0
../data/raw/pump/id_00/normal/00000422.wav,9.414e-05,0.41415402,15094.97685132,-6.076e-05,13.34965134,4.54694939,0.09425388,30.87671089,0.11165453,14.85956766,0.00960727,0.0011886,0.26107233,0
../data/raw/pump/id_00/normal/00000936.wav,6.398e-05,0.20752789,8069.14027099,-4.693e-05,7.71862411,3.28531003,0.17981386,23.29294205,0.10415437,15.61845395,0.00782953,0.00157099,0.27742767,0
../data/raw/pump/id_00/abnormal/00000088.wav,9.066e-05,2.15248609,5455.70808268,-4.327e-05,0.50735331,2.74789286,0.08888435,63.697155,0.03580957,16.8935037,0.00944498,0.00100498,0.28229946,1
../data/raw/pump/id_00/normal/00000892.wav,9.213e-05,1.19079542,14829.96234212,-5.053e-05,14.85823441,3.76022935,0.07424371,65.49375153,0.05663329,16.1070776,0.00954038,0.00084057,0.25515055,0
../data/raw/pump/id_00/normal/00000281.wav,7.432e-05,1.37729287,11989.67259323,-4.34e-05,12.62146854,3.20626402,0.10799908,45.82591248,0.06115728,16.44719794,0.00857011,0.00073532,0.26662749,0
../data/raw/pump/id_00/normal/00000457.wav,7.933e-05,1.14276648,5917.41817263,-4.317e-05,16.51785851,3.11982226,0.09667657,63.13308334,0.04751961,16.94924183,0.00884637,0.00087485,0.26249449,0
../data/raw/pump/id_00/normal/00000324.wav,8.861e-05,1.23497593,13922.76686459,-4.414e-05,6.82531834,3.69165611,0.07321255,90.33145905,0.04648905,16.14960054,0.00925834,0.00160497,0.25082931,0
../data/raw/pump/id_00/normal/00000587.wav,7.748e-05,0.557917,6161.32061023,-4.349e-05,17.74896622,3.4651413,0.10445319,68.28833771,0.05864498,16.72983735,0.00871891,0.00106,0.26736363,0
../data/raw/pump/id_00/normal/00000424.wav,9.234e-05,0.35359865,10251.99670873,-5.173e-05,8.38765621,3.37234282,0.06615197,50.86967468,0.02866687,15.29893811,0.00955163,0.000867,0.26883937,0
../data/raw/pump/id_00/normal/00000946.wav,0.00011602,1.15531695,11008.04809678,-4.791e-05,11.19313622,3.51846814,0.08995919,96.1095047,0.08016258,16.25851602,0.01056323,0.00198477,0.26823241,0
../data/raw/pump/id_00/normal/00000909.wav,8.423e-05,0.75919724,7187.46354117,-4.64e-05,14.56082344,3.48106122,0.09902125,68.31439209,0.04631891,16.99093534,0.00911543,0.00092623,0.25875406,0
../data/raw/pump/id_00/normal/00000168.wav,7.718e-05,0.53032309,8916.49832206,-4.463e-05,15.374753,3.72481441,0.14537677,36.37439728,0.11710689,14.84006577,0.00874618,0.0006353,0.26527292,0
../data/raw/pump/id_00/normal/00000869.wav,0.00010115,1.3882314,14967.52395255,-5.78e-05,8.70635796,3.29760838,0.07240759,44.56264877,0.07173674,14.82942661,0.01001555,0.00070063,0.25484962,0
../data/raw/pump/id_00/normal/00000541.wav,9.824e-05,1.27435172,7950.90075812,-5.691e-05,8.7497406,3.1420157,0.07037022,49.22274399,0.0330338,15.19748674,0.00986741,0.00070038,0.2681895,0
../data/raw/pump/id_00/normal/00000453.wav,0.00010053,0.95890355,9306.77077446,-5.611e-05,8.84843254,3.58669448,0.06276676,66.45639801,0.03361489,14.99083985,0.00997623,0.00080963,0.25622669,0
../data/raw/pump/id_00/normal/00000816.wav,8.668e-05,0.65395874,8542.14928593,-4.85e-05,12.6979351,3.57205582,0.10618791,55.62888336,0.06474826,16.73924779,0.00925661,0.00079726,0.24371314,0
../data/raw/pump/id_00/abnormal/00000130.wav,7.321e-05,0.25328571,23163.28587268,-5.21e-05,10.88924122,3.4376421,0.14133792,26.83291245,0.09746547,14.89047843,0.00841824,0.00136634,0.27491772,1
../data/raw/pump/id_00/normal/00000141.wav,0.00010217,1.4591502,29595.84312885,-5.241e-05,11.97845268,4.30854082,0.07134366,40.4045639,0.08033872,15.41358853,0.01005808,0.00079811,0.23948247,0
../data/raw/pump/id_00/normal/00000920.wav,7.29e-05,0.6811685,6532.42376041,-4.562e-05,12.09157372,3.29287171,0.10669491,45.1306839,0.04235267,16.92257001,0.0084886,0.00072483,0.25721192,0
../data/raw/pump/id_00/abnormal/00000061.wav,0.00015327,0.83780795,24254.20257358,-6.707e-05,13.27743912,3.74989843,0.09594649,56.34277725,0.08506689,15.01199531,0.01197698,0.00295947,0.23258659,1
../data/raw/pump/id_00/normal/00000455.wav,6.802e-05,0.94176668,38198.42978473,-4.106e-05,10.11468506,3.94637299,0.14558737,41.88497162,0.10581823,16.73167398,0.00818588,0.00084019,0.27283755,0
../data/raw/pump/id_00/normal/00000552.wav,6.338e-05,0.26513353,5404.93049739,-4.241e-05,-4.10303593,3.857831,0.16682527,41.96955872,0.0558104,16.91452431,0.00788828,0.00093096,0.27631567,0
../data/raw/pump/id_00/normal/00000858.wav,9.981e-05,1.08358204,18644.66913223,-5.033e-05,11.0773716,3.59894204,0.05771547,58.883461,0.03797198,14.94434236,0.00993407,0.00081841,0.23272502,0
../data/raw/pump/id_00/abnormal/00000116.wav,7.771e-05,0.68261552,7044.74939249,-5.171e-05,8.94591522,3.07992649,0.11028916,36.09117126,0.05833073,14.67246636,0.00877555,0.00061898,0.27609393,1
../data/raw/pump/id_00/normal/00000967.wav,9.061e-05,1.97803855,6337.15662307,-4.618e-05,13.16038132,3.34971619,0.09565008,68.5555954,0.03464687,17.39472063,0.00944463,0.00094871,0.26732824,0
../data/raw/pump/id_00/normal/00000246.wav,9.542e-05,1.21694815,7436.05982046,-5.572e-05,7.86441708,3.16522789,0.07588015,43.70418167,0.03226338,14.93708445,0.00972696,0.00066779,0.26913799,0
../data/raw/pump/id_00/normal/00000017.wav,7.081e-05,1.37478662,14444.83722392,-4.136e-05,11.83011055,4.15931559,0.11109412,54.71844864,0.05756461,16.99144882,0.00835988,0.00078449,0.25842086,0
../data/raw/pump/id_00/normal/00000666.wav,9.622e-05,1.24979925,7107.37533819,-5.703e-05,10.70220566,3.14852595,0.07366651,46.3670311,0.04485723,14.96372828,0.00976447,0.00070401,0.26555127,0
../data/raw/pump/id_00/normal/00000040.wav,0.00010207,3.457793,12832.47099308,-5.435e-05,12.97774792,3.44075799,0.09660481,59.12822723,0.08579297,15.63323343,0.01003234,0.00102856,0.25996346,0
../data/raw/pump/id_00/normal/00000002.wav,0.00010572,1.7996335,16848.59854207,-5.966e-05,15.36188316,4.14181614,0.09177971,43.63729095,0.05951425,14.9716923,0.01022728,0.0008544,0.24727655,0
../data/raw/pump/id_00/abnormal/00000113.wav,9.225e-05,0.73163223,38492.05858148,-4.135e-05,15.55573654,5.05983925,0.05052853,104.79594421,0.03872,15.69517626,0.00908713,0.00307733,0.24901532,1
../data/raw/pump/id_00/normal/00000118.wav,8.663e-05,1.23144662,18959.21056241,-4.749e-05,13.05825996,3.81110573,0.10893352,63.20713425,0.08529762,16.98438346,0.00924662,0.00091133,0.24566042,0
../data/raw/pump/id_00/abnormal/00000104.wav,0.00016778,1.05592191,28426.21932898,-6.888e-05,14.98567772,4.18036318,0.11524998,48.41163254,0.07534232,16.2788782,0.01240618,0.00364129,0.24489949,1
../data/raw/pump/id_00/normal/00000565.wav,9.92e-05,0.994721,12742.09853836,-4.909e-05,17.14504242,3.88832164,0.04600296,62.93515778,0.04116809,14.86664169,0.00989896,0.00087261,0.26233684,0
../data/raw/pump/id_00/normal/00000629.wav,8.399e-05,0.64154726,5995.19964928,-4.497e-05,11.01529312,3.78908229,0.10217714,79.25174713,0.04760294,17.12383849,0.00907556,0.00113758,0.26407036,0
../data/raw/pump/id_00/normal/00000613.wav,9.403e-05,1.05420148,21648.43285508,-5.038e-05,11.90985489,3.74733305,0.07120326,71.72238159,0.04487417,15.51479446,0.00957871,0.0013863,0.2532284,0
../data/raw/pump/id_00/normal/00000743.wav,0.00010193,0.95902878,5905.37284163,-5.517e-05,10.14974022,3.51317143,0.05845023,62.27700043,0.01874049,14.92585407,0.01003891,0.00089702,0.26195013,0
../data/raw/pump/id_00/normal/00000811.wav,9.965e-05,0.82627541,5693.69057208,-5.857e-05,9.34522057,3.1129086,0.0718179,42.31391144,0.03075778,14.79308072,0.00993595,0.00073859,0.27238791,0
../data/raw/pump/id_00/normal/00000403.wav,9.832e-05,1.41766429,6123.75459072,-5.727e-05,9.68313122,3.44816399,0.07653068,45.82807922,0.04393778,14.87726147,0.00987679,0.00065707,0.27435054,0
../data/raw/pump/id_00/normal/00000510.wav,9.897e-05,0.76374131,6964.61185329,-5.805e-05,6.58079481,3.47306943,0.07227655,39.89101028,0.0348241,14.88323415,0.00990762,0.0006706,0.27431632,0
../data/raw/pump/id_00/normal/00000841.wav,9.681e-05,1.21037471,11582.91867769,-5.786e-05,9.06127262,3.72058392,0.07670384,41.99252701,0.04097232,15.00101832,0.00979801,0.0006454,0.25567927,0
../data/raw/pump/id_00/normal/00000251.wav,8.801e-05,1.07576954,9068.82555813,-4.568e-05,13.61773109,3.39537787,0.09739261,66.37782288,0.0505714,17.31706015,0.00932168,0.00089715,0.27477074,0
../data/raw/pump/id_00/normal/00000746.wav,6.775e-05,0.1840837,103533.0023732,-4.942e-05,4.94340515,3.26217961,0.16458354,32.83229065,0.20644991,14.90111129,0.00816421,0.0008991,0.26301623,0
../data/raw/pump/id_00/normal/00000362.wav,7.142e-05,1.00323868,12710.82023377,-4.238e-05,9.23976517,4.04862881,0.10533615,45.90939713,0.07480979,17.05402583,0.00840646,0.00067337,0.2654814,0
../data/raw/pump/id_00/abnormal/00000034.wav,9.682e-05,1.77190948,16933.18741672,-5.134e-05,13.10482025,4.08103275,0.12332612,48.36449814,0.12811333,16.48476121,0.00975548,0.00113114,0.25415652,1
../data/raw/pump/id_00/normal/00000736.wav,8.985e-05,1.03413856,16373.75084229,-4.979e-05,11.0052166,3.58509016,0.0707025,62.37236404,0.02128299,15.73190638,0.00942825,0.00079601,0.26851551,0
../data/raw/pump/id_00/normal/00000905.wav,7.66e-05,0.9207446,9010.01501631,-4.537e-05,9.99332142,3.63887835,0.10503507,50.63472366,0.06009749,16.84845853,0.00870684,0.00071248,0.26016156,0
../data/raw/pump/id_00/normal/00000433.wav,7.742e-05,0.9154079,6283.6805573,-4.421e-05,16.71482849,3.47046566,0.1014611,49.83169556,0.04285924,17.04677738,0.00874545,0.00080856,0.27026088,0
../data/raw/pump/id_00/normal/00000813.wav,9.345e-05,0.37461078,6881.43913092,-5.067e-05,7.54147768,3.38339043,0.06059836,65.88646698,0.01851153,15.55481182,0.0095696,0.00117939,0.26934625,0
../data/raw/pump/id_00/normal/00000687.wav,0.00010455,0.43451712,11595.61717531,-5.714e-05,7.21981239,3.56296635,0.05811639,58.41457367,0.0181599,14.99230975,0.01013621,0.00115872,0.2416818,0
../data/raw/pump/id_00/normal/00000205.wav,0.0001016,2.06432772,11329.80197811,-4.245e-05,10.35852814,3.78727603,0.11157617,88.47707367,0.12134665,17.2040248,0.0098996,0.00179185,0.26758276,0
../data/raw/pump/id_00/normal/00000332.wav,7.128e-05,0.67330337,10208.7060773,-4.381e-05,8.02519035,3.49002934,0.11298485,47.13638687,0.05597236,16.82384757,0.00838445,0.0008652,0.2693784,0
../data/raw/pump/id_00/normal/00000526.wav,9.783e-05,2.29085684,12070.32406311,-4.873e-05,13.20947266,4.35702419,0.05583722,52.72924042,0.02153434,15.61164529,0.00985239,0.00055304,0.25303159,0
../data/raw/pump/id_00/normal/00000812.wav,7.374e-05,0.89284158,10565.54723125,-3.871e-05,10.1045866,3.71591473,0.12848193,69.98931885,0.11075944,16.59059263,0.00849524,0.00113712,0.26701023,0
../data/raw/pump/id_00/normal/00000044.wav,0.00010496,0.66930872,12567.74829663,-6.08e-05,10.15333366,3.66464019,0.09145367,45.57129669,0.05068261,14.60968716,0.01019147,0.00083664,0.25525355,0
../data/raw/pump/id_00/abnormal/00000072.wav,9.251e-05,0.71515113,5590.33830575,-5.124e-05,4.84143114,2.82287383,0.06969942,51.11262894,0.01916966,15.71418003,0.00957427,0.00062528,0.27267027,1
../data/raw/pump/id_00/abnormal/00000103.wav,6.998e-05,1.14254153,7407.68528935,-4.171e-05,16.54977226,3.41975236,0.10510839,60.14729691,0.04432612,17.1206782,0.00831937,0.00073028,0.26920987,1
../data/raw/pump/id_00/normal/00000807.wav,8.756e-05,0.6575703,6420.66568588,-5.164e-05,6.02439404,3.12852097,0.08176449,39.07912064,0.03477257,16.18179598,0.00931374,0.00069651,0.27143839,0
../data/raw/pump/id_00/normal/00000445.wav,9.834e-05,1.34281385,23296.56745651,-5.061e-05,11.89463425,3.40614843,0.06263572,65.11969757,0.04329286,15.95761465,0.00985483,0.000897,0.24939054,0
../data/raw/pump/id_00/normal/00000476.wav,9.019e-05,2.83148408,6775.80401961,-4.266e-05,5.03644943,3.3746798,0.08131833,60.55749512,0.03512351,16.48845737,0.00942169,0.00095105,0.27027503,0
../data/raw/pump/id_00/abnormal/00000138.wav,0.00011345,1.27008235,13993.55768717,-5.302e-05,9.90953636,5.60118771,0.19013485,36.81950378,0.09862784,17.91601736,0.01058942,0.00092636,0.27096682,1
../data/raw/pump/id_00/normal/00000374.wav,9.876e-05,0.49350771,16714.8849952,-5.143e-05,8.69771099,3.19273067,0.09091547,48.14096451,0.06926501,14.3003934,0.00980048,0.00152141,0.27320996,0
../data/raw/pump/id_00/normal/00000150.wav,8.796e-05,0.84758824,11295.01220591,-4.751e-05,17.8516655,4.06133127,0.10454055,53.05292892,0.06133722,16.91155399,0.00931134,0.00095684,0.24932924,0
../data/raw/pump/id_00/normal/00000125.wav,9.821e-05,0.51075184,20098.73510589,-5.329e-05,12.75159454,4.44549417,0.08582518,57.02754211,0.06837703,15.49697766,0.0098404,0.00096594,0.24201137,0
../data/raw/pump/id_00/normal/00000828.wav,9.672e-05,1.37175047,15991.83353191,-5.828e-05,15.62157249,3.95872283,0.10239554,54.51293182,0.08006642,14.88199186,0.00974346,0.00117616,0.25528166,0
../data/raw/pump/id_00/normal/00000167.wav,9.835e-05,0.3718265,16845.14486223,-5.949e-05,13.95313644,3.9768405,0.11137649,30.34835625,0.12109534,14.97620426,0.00945521,0.00293393,0.22875288,0
../data/raw/pump/id_00/normal/00000732.wav,9.773e-05,1.38845575,7180.55304304,-5.658e-05,14.61604786,3.5897646,0.06749201,49.8106842,0.02908571,15.25277223,0.00984291,0.00069778,0.26645909,0
../data/raw/pump/id_00/normal/00000630.wav,7.212e-05,0.88681769,6788.26719739,-4.352e-05,14.92743111,3.26819515,0.10919404,55.3348465,0.04853248,16.92938393,0.00842438,0.00095349,0.27293472,0
../data/raw/pump/id_00/normal/00000359.wav,9.646e-05,1.03381824,9479.56259681,-5.599e-05,9.15690041,3.22807908,0.07847132,48.03369904,0.04483715,14.83515885,0.00977817,0.00071471,0.2586724,0
../data/raw/pump/id_00/normal/00000584.wav,0.00010185,0.92937392,7252.81242214,-5.607e-05,13.01264,3.58032203,0.06131596,50.25866699,0.02127378,15.09754918,0.01003848,0.0008222,0.25651029,0
../data/raw/pump/id_00/normal/00000856.wav,0.00010139,0.95867229,14421.66048717,-5.838e-05,9.52337265,3.31602907,0.08091429,36.18071747,0.08178622,15.1889202,0.01002713,0.00065528,0.26089486,0
../data/raw/pump/id_00/normal/00000606.wav,8.847e-05,0.58028054,7141.89899405,-5.256e-05,3.00127625,3.30397081,0.08200317,50.49931717,0.02952473,15.60764617,0.00935707,0.00068651,0.2696742,0
../data/raw/pump/id_00/normal/00000328.wav,9.452e-05,1.32568312,8812.84778377,-5.552e-05,6.32983971,2.97418547,0.0767678,50.75006104,0.049192,14.79828877,0.0096806,0.00063481,0.26359544,0
../data/raw/pump/id_00/normal/00000525.wav,9.739e-05,2.16747427,13266.60646509,-4.723e-05,15.23241997,4.44735098,0.05022589,63.32172394,0.0221965,15.6052799,0.00980728,0.00084905,0.25956554,0
../data/raw/pump/id_00/normal/00000790.wav,9.441e-05,1.16542125,39735.36136667,-5.651e-05,9.22965145,3.35976529,0.08071305,41.9605751,0.1029527,14.87370104,0.009672,0.0006691,0.26564937,0
../data/raw/pump/id_00/normal/00000697.wav,8.743e-05,0.80495846,23711.96070424,-5.549e-05,12.53064632,3.72704649,0.11505965,46.17238617,0.06163538,15.50330634,0.00929478,0.00080701,0.27364504,0
../data/raw/pump/id_00/normal/00000390.wav,8.485e-05,0.33499628,20852.84536686,-5.473e-05,13.49342346,3.66072679,0.12532448,39.45643234,0.08096963,14.97072076,0.00897708,0.00200416,0.20013152,0
../data/raw/pump/id_00/normal/00000831.wav,0.00010029,2.56423736,18758.09479093,-4.834e-05,9.12834549,3.9457829,0.05971227,54.96382523,0.02846067,15.57442109,0.00997855,0.00057563,0.21207767,0
../data/raw/pump/id_00/normal/00000902.wav,9.667e-05,1.38716257,16650.78721504,-5.035e-05,12.34837532,3.73781657,0.06443908,42.34053802,0.04341856,15.20798527,0.00978653,0.00064814,0.23834841,0
../data/raw/pump/id_00/normal/00000063.wav,0.00010273,0.59208071,10763.9693007,-6.095e-05,13.70226002,3.66983533,0.09004343,33.89095306,0.0464652,14.51789866,0.01009416,0.00067476,0.25119147,0
../data/raw/pump/id_00/normal/00000868.wav,7.54e-05,1.15024972,10513.48055166,-4.456e-05,18.72497559,3.57897949,0.10728771,61.29399109,0.0628536,16.94655522,0.0086398,0.00069079,0.26524913,0
../data/raw/pump/id_00/normal/00000434.wav,8.006e-05,0.34808713,12737.36999942,-4.936e-05,11.67527485,3.416538,0.14418805,38.84761429,0.10124956,15.09719335,0.00881852,0.00143281,0.25071734,0
../data/raw/pump/id_00/normal/00000654.wav,9.146e-05,1.74553955,9820.22366078,-4.8e-05,9.57217979,3.16992903,0.09600421,62.86155319,0.06439069,14.25970009,0.00948675,0.00103173,0.26710696,0
../data/raw/pump/id_00/normal/00000677.wav,8.226e-05,1.58954573,7342.45903851,-4.481e-05,13.96326637,3.35355854,0.09664069,50.26047516,0.0413091,17.30951517,0.00901501,0.00085504,0.27246428,0
../data/raw/pump/id_00/normal/00000548.wav,9.855e-05,1.35323465,5207.81090717,-5.788e-05,10.10529327,3.03936243,0.06865734,50.98801422,0.02077114,15.04636404,0.00988356,0.00068911,0.27593503,0
../data/raw/pump/id_00/normal/00000080.wav,0.00010298,1.53186905,17741.52075589,-5.842e-05,12.02064323,3.7684381,0.08353977,41.36856079,0.07411237,15.03010004,0.01010585,0.00068155,0.26145779,0
../data/raw/pump/id_00/normal/00000427.wav,9.792e-05,1.21118689,6423.54202937,-5.77e-05,9.23780441,3.44607449,0.07758368,43.68488693,0.03030629,14.86266774,0.00985011,0.00070236,0.2696049,0
../data/raw/pump/id_00/normal/00000808.wav,9.852e-05,0.90096253,13494.39108584,-5.049e-05,8.73163414,4.08816433,0.05732547,65.07357025,0.01620285,15.41884766,0.00985343,0.00093709,0.25751315,0
../data/raw/pump/id_00/normal/00000956.wav,0.00010752,1.27317202,13867.41867384,-5.053e-05,15.46702957,3.7819674,0.07887848,77.17637634,0.06139646,14.5496909,0.01016981,0.00194627,0.26775526,0
../data/raw/pump/id_00/normal/00000319.wav,9.972e-05,3.58161283,9308.35422166,-4.063e-05,10.35313797,3.55671191,0.07687544,79.26844025,0.03776842,16.88164199,0.00990635,0.00108372,0.26435511,0
../data/raw/pump/id_00/abnormal/00000044.wav,0.00027408,1.93699586,5337.06433564,-9.986e-05,5.52654743,3.28892207,0.08612626,33.40791321,0.01901958,15.1399069,0.01632314,0.00261266,0.2580933,1
../data/raw/pump/id_00/normal/00000933.wav,0.00010119,0.81417453,12959.82179302,-5.755e-05,13.48838806,3.77492023,0.07142478,50.17294693,0.03944245,14.91954795,0.01001184,0.00074403,0.24571044,0
../data/raw/pump/id_00/abnormal/00000120.wav,7.429e-05,0.58603656,6127.09297799,-4.221e-05,16.13308525,3.34930182,0.10529403,71.7603302,0.04163557,17.19483022,0.00854766,0.00096251,0.27531483,1
../data/raw/pump/id_00/normal/00000544.wav,7.152e-05,0.6798144,5827.87269035,-4.42e-05,10.92491913,3.4796083,0.10642971,49.67927933,0.03946459,16.98244538,0.00840616,0.00071771,0.26310623,0
../data/raw/pump/id_00/abnormal/00000029.wav,0.00022071,0.90150863,38631.63213503,-7.748e-05,9.99850368,3.86140084,0.10639695,52.49009705,0.08146537,16.22304655,0.01400331,0.00476293,0.26028454,1
../data/raw/pump/id_00/normal/00000295.wav,9.797e-05,2.35695434,17591.8913651,-4.682e-05,10.04798317,4.01961565,0.05852355,52.3737793,0.02743444,15.54098496,0.00985275,0.00067322,0.26184284,0
../data/raw/pump/id_00/normal/00000111.wav,9.789e-05,1.21042979,23068.74375787,-4.895e-05,10.55424976,4.19956493,0.07664456,78.6794281,0.0696661,15.88917853,0.00982587,0.00095327,0.24487826,0
../data/raw/pump/id_00/normal/00000588.wav,8.799e-05,0.94312209,6691.00628705,-5.059e-05,5.9182806,3.34567451,0.08260845,38.16362762,0.03674597,15.05417005,0.00933745,0.00066086,0.27437578,0
../data/raw/pump/id_00/normal/00000397.wav,8.781e-05,0.94076037,11002.07529727,-4.867e-05,5.39177799,3.18197179,0.08194389,49.21320343,0.04620894,15.26443726,0.0093036,0.00092102,0.27016202,0
../data/raw/pump/id_00/abnormal/00000057.wav,0.00010134,0.52331597,60424.63248812,-5.321e-05,12.81544685,4.24207735,0.22063136,30.70959091,0.23848505,15.40590677,0.00967963,0.00268393,0.25252091,1
../data/raw/pump/id_00/abnormal/00000001.wav,0.00023884,1.69984984,25811.00991543,-8e-05,10.92001152,3.71742582,0.1013051,48.35534286,0.05193932,16.19556445,0.01458407,0.00505081,0.23681746,1
../data/raw/pump/id_00/normal/00000938.wav,9.534e-05,0.67367429,45088.58007292,-4.322e-05,17.39929581,4.96938038,0.06882738,84.99751282,0.07455981,15.93780246,0.0092689,0.00299223,0.22608626,0
../data/raw/pump/id_00/normal/00000364.wav,7.478e-05,0.77600694,6207.91113044,-4.404e-05,12.0194025,3.37285542,0.10751704,51.69316864,0.04660743,16.98505891,0.00859473,0.0007946,0.27040609,0
../data/raw/pump/id_00/normal/00000515.wav,8.861e-05,0.64537555,7673.1836324,-5.118e-05,6.07454252,3.30420184,0.09036791,41.61869049,0.04352147,15.16309382,0.00937042,0.00068084,0.27315336,0
../data/raw/pump/id_00/normal/00000023.wav,8.831e-05,1.21187031,13099.62721625,-5.236e-05,11.95277119,3.23528504,0.12171619,52.0238533,0.09446658,14.67644,0.00920952,0.0017447,0.27287113,0
../data/raw/pump/id_00/normal/00000949.wav,8.924e-05,0.92773932,8259.02088386,-4.685e-05,17.40750504,3.6253016,0.09980906,65.17501831,0.06300197,17.07614332,0.00937542,0.0008767,0.25947977,0
../data/raw/pump/id_00/normal/00000784.wav,9.52e-05,1.30451906,4222.58159181,-5.747e-05,9.08002472,3.1357131,0.0766118,46.77089691,0.02826468,14.96537911,0.00971863,0.00062881,0.27192439,0
../data/raw/pump/id_00/abnormal/00000101.wav,9.053e-05,0.64450538,19977.31652081,-4.596e-05,14.27484322,5.20692682,0.05888235,66.50205994,0.02616202,15.70080407,0.00931915,0.00180699,0.24655673,1
../data/raw/pump/id_00/normal/00000672.wav,6.913e-05,0.9596349,11846.52717945,-4.164e-05,15.34589195,3.63380361,0.0950448,48.90935516,0.06867516,17.03928919,0.00826338,0.00074577,0.25910831,0
../data/raw/pump/id_00/normal/00000085.wav,9.336e-05,0.58298486,12170.6782794,-4.693e-05,11.40157318,4.4292202,0.12124195,68.64677429,0.09778536,16.74341117,0.00955769,0.00128438,0.25768388,0
../data/raw/pump/id_00/normal/00000459.wav,7.641e-05,0.70626563,5165.506792,-4.594e-05,12.75414371,3.79567623,0.10254218,50.43219757,0.03175018,16.91213542,0.00869441,0.00073081,0.26750679,0
../data/raw/pump/id_00/normal/00000709.wav,9.062e-05,1.20857608,7997.63027641,-4.6e-05,12.4261055,3.25707436,0.09787465,79.62323761,0.05315848,17.07974002,0.00940407,0.00136108,0.26880334,0
../data/raw/pump/id_00/normal/00000921.wav,0.00010294,1.23108649,10119.03738355,-5.936e-05,13.11232376,3.46672416,0.07938236,41.53054428,0.05138056,14.91138074,0.01009994,0.00071793,0.2624053,0
../data/raw/pump/id_00/normal/00000113.wav,0.00010268,0.85164183,13282.49853668,-5.998e-05,11.52818584,3.64561224,0.08817455,36.00907135,0.05079305,14.70749272,0.0100883,0.00072277,0.24417033,0
../data/raw/pump/id_00/normal/00000428.wav,0.00010688,3.69759154,9898.87685213,-4.122e-05,10.88648605,3.70294833,0.07095834,93.36192322,0.03744828,17.12662911,0.01021331,0.00143597,0.26325831,0
../data/raw/pump/id_00/normal/00000395.wav,0.0001011,1.67250574,7663.84220327,-4.479e-05,12.09111214,3.22872853,0.08601082,80.19022369,0.04883489,16.58388414,0.00996829,0.00117679,0.266993,0
../data/raw/pump/id_00/normal/00000619.wav,8.942e-05,4.04695749,7388.01338309,-4.245e-05,17.26629257,3.68779445,0.09505104,71.43980408,0.04070364,17.25935677,0.00941289,0.00062836,0.2522082,0
../data/raw/pump/id_00/normal/00000569.wav,0.0001002,1.19424057,7823.17887877,-5.73e-05,8.20964813,3.0108521,0.06735785,49.06513214,0.02589406,15.2657267,0.00996823,0.00063615,0.26715454,0
../data/raw/pump/id_00/normal/00000638.wav,8.924e-05,0.73376012,5551.61930744,-4.793e-05,10.96037483,3.47276855,0.09080783,54.08968353,0.03023671,17.13702389,0.00938349,0.00092814,0.26854865,0
../data/raw/pump/id_00/normal/00000121.wav,0.0001047,1.02431369,19416.77512599,-5.82e-05,15.14520454,4.12152624,0.08096889,58.6547966,0.06065239,14.76248162,0.01017483,0.00082573,0.25663141,0
../data/raw/pump/id_00/normal/00000594.wav,8.864e-05,0.99848622,15237.65509789,-5.012e-05,5.65763474,3.00746703,0.09989954,39.49062729,0.07298733,14.15718864,0.00937101,0.00069981,0.27186454,0
../data/raw/pump/id_00/normal/00000931.wav,6.733e-05,0.24781993,8682.47866483,-4.913e-05,11.73301506,3.21348977,0.18229427,27.33145332,0.09665315,15.23691593,0.00815022,0.00078523,0.27500199,0
../data/raw/pump/id_00/normal/00000676.wav,9.846e-05,0.87778747,5825.71773284,-5.785e-05,10.3847065,3.45907664,0.07528579,39.50988007,0.022437,14.90531123,0.00988006,0.00069458,0.27635535,0
../data/raw/pump/id_00/normal/00000333.wav,9.363e-05,2.85577893,19737.84531344,-4.438e-05,10.38300323,3.4921,0.07453231,85.41104126,0.07036843,14.69614326,0.00959541,0.00110189,0.26349363,0
../data/raw/pump/id_00/normal/00000889.wav,7.148e-05,1.08675826,12267.22051184,-4.39e-05,11.10058594,3.78638983,0.10969324,50.28806305,0.06493817,16.95389944,0.00840963,0.00068672,0.25656864,0
../data/raw/pump/id_00/normal/00000847.wav,9.514e-05,0.69549739,10986.16452628,-5.362e-05,8.11720657,3.80501032,0.078086,50.69355774,0.03562386,15.31427226,0.00970439,0.00078172,0.24370058,0
../data/raw/pump/id_00/normal/00000795.wav,5.002e-05,0.1443378,16963.71837092,-3.407e-05,19.81333351,4.31223011,0.25770642,19.93594551,0.12271712,15.98435945,0.00697158,0.00111907,0.27343242,0
../data/raw/pump/id_00/normal/00000014.wav,0.00010142,2.58735919,22822.74225756,-5.071e-05,15.24096489,4.86523771,0.07137018,50.64723587,0.04452347,15.3584795,0.01002279,0.00068047,0.23869251,0
../data/raw/pump/id_00/normal/00000675.wav,0.00010061,3.34775567,17498.12760764,-4.486e-05,13.91645908,4.25193214,0.04316531,100.25775909,0.0318223,15.4236317,0.00993635,0.00114782,0.25186681,0
../data/raw/pump/id_00/normal/00000708.wav,6.722e-05,0.49421623,5272.04943026,-4.389e-05,10.25797558,3.465343,0.1084702,48.1772728,0.0542332,16.70792528,0.00814146,0.00080505,0.2709648,0
../data/raw/pump/id_00/abnormal/00000056.wav,0.0002504,1.53873408,4543.30167534,-9.831e-05,9.12543392,3.32919717,0.09116351,31.6240139,0.02663993,15.0669621,0.01561969,0.00227707,0.26771548,1
../data/raw/pump/id_00/normal/00000109.wav,7.148e-05,0.60660011,13502.76716199,-4.584e-05,13.73303032,3.85075569,0.11777718,44.04755783,0.09999115,16.33954055,0.00840797,0.0007075,0.26468918,0
../data/raw/pump/id_00/normal/00000483.wav,9.922e-05,1.72231293,12842.69744685,-4.954e-05,9.6502285,3.72925258,0.05480294,56.27586365,0.02059763,15.6729476,0.00990789,0.00081443,0.26506206,0
../data/raw/pump/id_00/normal/00000586.wav,7.917e-05,0.74992234,6626.33315836,-4.363e-05,18.9886322,3.43091059,0.10242206,78.79879761,0.05575725,16.9330804,0.00880902,0.00111466,0.26314202,0
../data/raw/pump/id_00/normal/00000349.wav,7.345e-05,1.14855897,10181.85976741,-4.192e-05,15.53698921,3.63052607,0.10365447,53.40629959,0.06168975,17.28746491,0.00852344,0.00074138,0.27248908,0
../data/raw/pump/id_00/abnormal/00000134.wav,9.347e-05,0.6708498,7945.65491134,-5.051e-05,7.79150009,3.49309945,0.05192629,54.37644577,0.01090855,15.34355133,0.00962428,0.00069985,0.26746574,1
../data/raw/pump/id_00/normal/00000791.wav,9.656e-05,1.44299364,4338.44681576,-5.721e-05,8.58132172,3.00041056,0.07430143,43.69960022,0.0246904,14.84724756,0.00978675,0.00061636,0.26950114,0
../data/raw/pump/id_00/normal/00000893.wav,0.00010009,1.49637604,13785.82263445,-4.563e-05,8.06533623,3.72519159,0.09546912,79.16049194,0.09741124,16.71086649,0.00985071,0.00164033,0.25144864,0
../data/raw/pump/id_00/normal/00000226.wav,9.74e-05,2.07136798,7316.01689983,-5.524e-05,8.64465332,3.07405806,0.07315951,49.65080643,0.03724932,14.9621237,0.00982851,0.00068262,0.26409968,0
../data/raw/pump/id_00/abnormal/00000117.wav,7.975e-05,1.68054938,141346.91330716,-4.316e-05,13.32064533,3.72567034,0.08356785,68.30780792,0.1439864,16.46996484,0.00885898,0.0010013,0.26127897,1
../data/raw/pump/id_00/normal/00000368.wav,7.357e-05,1.40813673,8530.46441407,-4.19e-05,10.17064381,3.24431515,0.10650771,54.51379013,0.04581083,17.07077762,0.00853447,0.00066187,0.27340215,0
../data/raw/pump/id_00/abnormal/00000041.wav,0.00023541,2.39481354,35991.02285789,-7.47e-05,7.00625038,3.76164007,0.09290448,72.86673737,0.06158452,16.34368909,0.01428702,0.005466,0.26112531,1
../data/raw/pump/id_00/normal/00000146.wav,6.228e-05,0.2435796,43926.71323323,-4.003e-05,3.52163172,3.90534806,0.22280289,32.84178543,0.15043153,16.48390301,0.00777124,0.00128676,0.25815533,0
../data/raw/pump/id_00/abnormal/00000106.wav,0.0001846,2.82007575,27821.94030535,-7.047e-05,9.72117424,3.68386793,0.09776077,43.71753311,0.05948718,16.10916093,0.01314606,0.003352,0.25105369,1
../data/raw/pump/id_00/normal/00000344.wav,9.747e-05,1.59761465,51933.95069751,-4.182e-05,12.31697083,4.45540237,0.06654509,112.25759125,0.06537282,15.55249386,0.00920075,0.00352846,0.24400108,0
../data/raw/pump/id_00/normal/00000337.wav,9.25e-05,1.51083601,17109.10492231,-4.583e-05,10.08948135,3.27540064,0.06735941,71.74502563,0.05528686,15.82094297,0.00951564,0.00125259,0.26177784,0
../data/raw/pump/id_00/normal/00000838.wav,9.518e-05,0.63512027,24466.69298616,-5.097e-05,15.55978012,4.12056017,0.07626236,54.63847733,0.05717691,15.90642071,0.00968486,0.00094905,0.23940466,0
../data/raw/pump/id_00/abnormal/00000015.wav,0.00028041,0.94424361,16419.46329273,-9.171e-05,8.5397501,3.74360275,0.08420746,61.2268219,0.03749812,15.15341068,0.01589145,0.00514359,0.2451684,1
../data/raw/pump/id_00/abnormal/00000031.wav,0.00029386,1.39793897,15856.18160927,-9.474e-05,8.88051605,3.3810215,0.08675494,48.11948013,0.0446966,15.22286488,0.01622877,0.0054145,0.26479206,1
../data/raw/pump/id_00/abnormal/00000112.wav,9.269e-05,1.18905711,3951.14074508,-5.543e-05,9.9013176,3.10448194,0.07361191,41.25664902,0.03028129,14.82193451,0.00958447,0.00065407,0.27910015,1
../data/raw/pump/id_00/normal/00000393.wav,9.551e-05,2.82216191,17183.46915425,-4.47e-05,10.05991077,4.17560863,0.05297306,71.48304749,0.02196442,15.89588467,0.00972652,0.00072725,0.25865997,0
../data/raw/pump/id_00/normal/00000215.wav,6.976e-05,0.87851244,13632.97096432,-3.959e-05,14.9349823,3.51950407,0.10193222,60.11792374,0.05555578,17.29581888,0.00829032,0.00087542,0.26415669,0
../data/raw/pump/id_00/normal/00000005.wav,9.438e-05,0.81122041,14484.47517572,-4.878e-05,6.81617928,4.04375696,0.11240453,53.58917236,0.07465935,16.70599075,0.00962898,0.00114203,0.25757423,0
../data/raw/pump/id_00/normal/00000327.wav,8.245e-05,0.69260406,15589.88408589,-4.423e-05,13.98575592,3.48072743,0.10616451,59.69726944,0.07227516,16.97650223,0.00902788,0.00078879,0.26279866,0
../data/raw/pump/id_00/normal/00000467.wav,9.151e-05,0.52766949,6339.96838364,-5.228e-05,5.2038765,3.33568358,0.07730912,47.4299469,0.03613408,15.20545486,0.00951202,0.00079677,0.27407509,0
../data/raw/pump/id_00/normal/00000524.wav,9.067e-05,0.82375205,8658.42050584,-4.701e-05,3.6318469,3.76275325,0.09500892,65.82820892,0.04162174,17.30930313,0.00945923,0.00095461,0.26626886,0
../data/raw/pump/id_00/normal/00000627.wav,9.414e-05,0.6297217,9003.07494375,-5.274e-05,7.85073853,3.80485868,0.07143414,50.71755981,0.02523636,15.5313096,0.00965081,0.00083231,0.2568843,0
../data/raw/pump/id_00/normal/00000710.wav,7.385e-05,0.63062572,5346.9181531,-4.319e-05,16.6211319,3.07372379,0.123284,53.20782089,0.06527086,16.93475339,0.00853829,0.0008027,0.27226498,0
../data/raw/pump/id_00/normal/00000754.wav,8.873e-05,2.6862042,5271.43829519,-4.438e-05,9.65494347,3.5436821,0.0954738,58.55108643,0.02792003,17.37727127,0.00935198,0.00096283,0.27182147,0
../data/raw/pump/id_00/normal/00000966.wav,8.854e-05,1.21171522,11899.4820495,-4.95e-05,5.61110306,3.075387,0.10510839,33.63755035,0.07884716,14.46042217,0.00936383,0.00071484,0.26675955,0
../data/raw/pump/id_00/normal/00000567.wav,8.554e-05,2.96413112,6055.55622264,-4.225e-05,10.77700043,3.68081522,0.09128051,63.82859039,0.02706302,17.55530925,0.00920104,0.00073105,0.26924217,0
../data/raw/pump/id_00/normal/00000600.wav,7.116e-05,0.23016104,18657.60592906,-5.151e-05,17.08349609,3.82373786,0.15726244,24.02935791,0.09221799,15.59411279,0.00818973,0.00191651,0.26927069,0
../data/raw/pump/id_00/normal/00000777.wav,8.957e-05,2.02248049,5174.23995167,-4.699e-05,12.24977875,3.75596809,0.10314902,55.2947731,0.02859082,17.08010321,0.00941173,0.00079231,0.26979093,0
../data/raw/pump/id_00/normal/00000972.wav,6.96e-05,0.1371365,7183.96909535,-5.291e-05,5.43926907,3.12199998,0.1625181,17.57847977,0.07334603,14.95924145,0.00823774,0.00123734,0.27504974,0
../data/raw/pump/id_00/normal/00000389.wav,7.534e-05,0.9777813,9405.97846606,-4.494e-05,9.85297394,3.21016717,0.10590243,47.865448,0.06263422,16.89125912,0.0086322,0.00073938,0.26489037,0
../data/raw/pump/id_00/normal/00000203.wav,9.321e-05,1.03481066,25079.41892143,-4.864e-05,9.49423409,4.29835129,0.0692283,67.05840302,0.05459317,15.69163422,0.00959936,0.00085545,0.24923934,0
../data/raw/pump/id_00/normal/00000834.wav,7.344e-05,0.96945918,13153.64488821,-4.457e-05,14.14962578,3.67863512,0.10517079,45.57123184,0.08100259,16.8622206,0.00850728,0.00084643,0.24124722,0
../data/raw/pump/id_00/normal/00000521.wav,9.65e-05,0.6946317,6047.02015262,-5.826e-05,8.17412663,3.13336968,0.07319071,36.86103058,0.02450908,14.99501352,0.00977896,0.00072224,0.27282756,0
../data/raw/pump/id_00/abnormal/00000083.wav,0.0001497,0.72273749,28422.93032832,-6.526e-05,15.29474545,4.13034916,0.11920927,61.16183472,0.12303688,16.19391574,0.01181595,0.00309445,0.24417767,1
../data/raw/pump/id_00/normal/00000122.wav,8.081e-05,0.59952682,8073.64235442,-4.773e-05,16.63025284,3.72733355,0.12113431,42.27473831,0.06711085,16.57087366,0.00892472,0.00089515,0.26006283,0
../data/raw/pump/id_00/abnormal/00000039.wav,0.00022516,1.40557671,34651.97280689,-7.752e-05,13.40531254,4.29374695,0.10118654,79.60173798,0.10688473,15.73281593,0.01449843,0.00378581,0.2557693,1
../data/raw/pump/id_00/normal/00000276.wav,7.034e-05,0.23868516,5293.92958994,-5.537e-05,10.58277225,3.37215209,0.15049515,26.74070549,0.06838035,15.09818133,0.00835474,0.00048527,0.27556638,0
../data/raw/pump/id_00/normal/00000954.wav,7.059e-05,0.4872722,10845.66148092,-5.293e-05,8.37531853,3.07355666,0.15900185,25.50725746,0.10473257,14.88155053,0.00835268,0.00073638,0.27365621,0
../data/raw/pump/id_00/normal/00000183.wav,0.00010316,0.66743177,18117.73516696,-6.039e-05,11.91083908,3.60186195,0.08798579,36.82582855,0.06427696,14.63229358,0.01011565,0.00062265,0.25240585,0
../data/raw/pump/id_00/abnormal/00000136.wav,8.993e-05,0.75864625,32562.36406108,-4.878e-05,10.56464958,3.19998455,0.05689023,59.47245026,0.10681558,15.35127547,0.00940578,0.00101314,0.25485881,1
../data/raw/pump/id_00/abnormal/00000043.wav,0.00027562,2.25042939,30506.61323699,-8.544e-05,11.3699255,3.89272976,0.10038158,67.62233734,0.05388343,16.0436111,0.01562276,0.00550181,0.24934933,1
../data/raw/pump/id_00/normal/00000214.wav,6.473e-05,0.4036319,12307.91498615,-4.108e-05,12.54573631,4.00944376,0.1159239,55.85073471,0.08679133,16.77450042,0.00798145,0.00088054,0.26523706,0
../data/raw/pump/id_00/normal/00000661.wav,9.918e-05,1.81741261,5229.94879014,-5.602e-05,10.77649307,3.45631719,0.06794753,53.67739487,0.022756,15.00185295,0.00991849,0.000655,0.26977857,0
../data/raw/pump/id_00/abnormal/00000033.wav,0.00027221,0.83607483,33403.21304582,-8.449e-05,13.27579784,4.04286861,0.10150166,72.34099579,0.06384329,16.31726483,0.0154255,0.00573871,0.24901692,1
../data/raw/pump/id_00/normal/00000490.wav,9.76e-05,1.24351943,5681.57963679,-5.713e-05,7.61382341,3.02965689,0.07458847,43.05963516,0.0311309,14.91073708,0.00983711,0.00067852,0.26451647,0
../data/raw/pump/id_00/normal/00001003.wav,8.804e-05,0.32919329,9810.90777024,-5.301e-05,4.5114398,3.59454703,0.08282217,38.23447418,0.04961305,15.49356174,0.00934332,0.00062907,0.25570179,0
../data/raw/pump/id_00/normal/00000814.wav,0.00010256,0.98858589,18773.05808134,-6.126e-05,11.25413132,3.51995063,0.08759578,42.99407578,0.09420134,14.84142252,0.01008525,0.00069454,0.25102772,0
../data/raw/pump/id_00/normal/00000417.wav,8.817e-05,0.37631613,33960.80890953,-5.848e-05,9.62199593,3.50828862,0.11195993,39.15509415,0.09720401,15.36047602,0.00930513,0.00108111,0.26788348,0
../data/raw/pump/id_00/normal/00000051.wav,7.491e-05,0.66266173,21865.59669641,-4.44e-05,15.3227787,3.9669416,0.12230431,59.10979462,0.09352028,16.64663539,0.00859576,0.00087968,0.25794665,0
../data/raw/pump/id_00/normal/00000860.wav,9.879e-05,0.92480576,10289.88016037,-5.781e-05,10.15199661,3.10305047,0.07538407,46.57564545,0.0446942,15.06225414,0.00989424,0.00072181,0.26906556,0
../data/raw/pump/id_00/normal/00000315.wav,8.494e-05,0.37429932,8652.37119933,-5.102e-05,3.76562309,3.24991989,0.08492662,46.15458298,0.03784394,15.914356,0.00916977,0.00072056,0.26579536,0
../data/raw/pump/id_00/normal/00000213.wav,9.046e-05,0.40354443,12943.16174608,-5.033e-05,4.02822447,3.47430229,0.06848106,53.99749374,0.04250978,15.14255653,0.00945773,0.00084917,0.26690286,0
../data/raw/pump/id_00/normal/00000987.wav,0.00010392,1.361745,11415.14221298,-5.588e-05,11.10299492,3.35573578,0.06451397,61.10689163,0.03613166,14.94019048,0.01013717,0.00084235,0.25963406,0
../data/raw/pump/id_00/normal/00000287.wav,8.246e-05,0.27411112,10479.72570391,-5.048e-05,4.41295004,3.39828086,0.08606386,36.86041641,0.04162329,15.67470516,0.009038,0.00064536,0.26083538,0
../data/raw/pump/id_00/normal/00000409.wav,9.721e-05,1.2479161,7324.04817832,-5.762e-05,11.58655834,3.65311742,0.07736528,45.62544632,0.03365993,14.56054924,0.00981526,0.00067739,0.26916761,0
../data/raw/pump/id_00/normal/00000719.wav,9.861e-05,1.03819537,5248.10051173,-5.774e-05,10.28150749,3.30482912,0.07185846,39.0604248,0.02845069,15.11208317,0.0098852,0.00073511,0.265784,0
../data/raw/pump/id_00/normal/00000528.wav,9.691e-05,0.61293429,22223.93951077,-4.761e-05,19.1727066,4.75766087,0.06190876,75.36277771,0.03296587,16.07090924,0.00953988,0.00236636,0.26569953,0
../data/raw/pump/id_00/normal/00000833.wav,0.00010091,1.17158616,11487.24457118,-5.914e-05,10.43660164,3.47624421,0.076877,41.47122955,0.04415116,14.69635375,0.00998433,0.00090592,0.26136388,0
../data/raw/pump/id_00/normal/00000151.wav,0.00010438,0.82353318,14029.32886654,-6.068e-05,9.94709492,3.59942913,0.08800139,34.10064316,0.06299055,14.85277858,0.01017739,0.00066019,0.25023861,0
../data/raw/pump/id_00/normal/00000055.wav,0.00010384,0.93545026,12072.65506051,-6.011e-05,14.22133255,3.63607645,0.08987495,32.78865814,0.04877144,14.83546112,0.01015167,0.00058458,0.26193801,0
../data/raw/pump/id_00/normal/00000408.wav,7.831e-05,0.84476429,8510.66803507,-4.211e-05,16.45519638,3.37531686,0.09832549,55.04508972,0.0506084,17.52729641,0.00878283,0.00093543,0.26471763,0
../data/raw/pump/id_00/abnormal/00000006.wav,0.00021826,1.82810211,21699.90258868,-7.739e-05,15.86182117,3.88864326,0.08806223,72.76482391,0.05745541,15.34884904,0.01415012,0.00415581,0.24515563,1
../data/raw/pump/id_00/abnormal/00000065.wav,0.00015558,1.17652583,30424.23500219,-6.789e-05,11.62986851,3.4387157,0.12176611,34.92406464,0.11701152,14.79619517,0.01207405,0.0030201,0.24668041,1
../data/raw/pump/id_00/normal/00000740.wav,9.338e-05,2.7211206,6731.01854001,-4.299e-05,2.0584619,3.62484884,0.08233389,87.15908051,0.04286131,16.72896289,0.00957975,0.00111221,0.26653776,0
../data/raw/pump/id_00/normal/00000499.wav,9.893e-05,1.34263682,4896.36145508,-5.704e-05,11.35462952,3.32298517,0.07034838,57.30152893,0.02134706,15.08993112,0.00989851,0.00076959,0.27216667,0
../data/raw/pump/id_00/normal/00000725.wav,7.402e-05,0.18364096,28111.57511915,-5.428e-05,7.48398113,3.85494733,0.15369471,28.08625603,0.11723984,15.19885661,0.008526,0.00101704,0.27873231,0
../data/raw/pump/id_00/normal/00000993.wav,9.949e-05,1.19407427,7710.87161322,-5.784e-05,9.35124779,2.92140555,0.07622648,42.3354187,0.0327862,15.07505346,0.00993104,0.00066779,0.25479302,0
../data/raw/pump/id_00/normal/00000674.wav,0.00010052,1.86375988,7039.37864636,-5.64e-05,10.78394508,2.99960637,0.06840306,52.68222809,0.03958155,15.07368012,0.00998491,0.00070583,0.26094256,0
../data/raw/pump/id_00/normal/00000998.wav,7.157e-05,1.46492875,12074.8717971,-4.269e-05,13.08669662,3.59296703,0.10459515,48.30325699,0.05683595,17.03457513,0.00840679,0.00075304,0.25891154,0
../data/raw/pump/id_00/normal/00000840.wav,9.345e-05,1.27774262,13271.49677847,-5.174e-05,5.74548817,3.13750362,0.10357179,38.33023453,0.073377,14.39737765,0.00961224,0.00083261,0.25448547,0
../data/raw/pump/id_00/normal/00000442.wav,0.00010271,0.66439056,8490.97652557,-5.616e-05,10.14430714,3.47667217,0.06729233,51.65068054,0.02788283,15.09432645,0.01005469,0.00101259,0.26567866,0
../data/raw/pump/id_00/normal/00000356.wav,9.241e-05,1.61708307,19631.3760755,-4.933e-05,8.30635357,3.62843966,0.06841086,63.95521545,0.06996149,15.22698733,0.00954664,0.00092013,0.25396989,0
../data/raw/pump/id_00/normal/00000913.wav,8.649e-05,0.83172363,8459.52013039,-4.705e-05,9.33390331,3.17227793,0.10349846,58.23373032,0.05900135,16.57715953,0.00922663,0.00099377,0.26344513,0
../data/raw/pump/id_00/normal/00000721.wav,9.655e-05,0.84831876,16242.91095122,-5.081e-05,11.84184456,3.81286359,0.0606982,61.84699631,0.03588645,15.55012446,0.00977703,0.00081935,0.25760056,0
../data/raw/pump/id_00/normal/00000853.wav,8.733e-05,0.84183007,9121.33038032,-4.67e-05,19.12959671,3.51243424,0.10330658,62.11524582,0.05149869,16.88083861,0.00928246,0.00090324,0.25445665,0
../data/raw/pump/id_00/normal/00000820.wav,9.373e-05,0.60729331,25033.46524063,-5.254e-05,8.07299423,3.55582976,0.07271335,56.89407349,0.05213144,15.07734888,0.00962126,0.0008797,0.24529221,0
../data/raw/pump/id_00/normal/00000375.wav,8.037e-05,0.43301195,9476.86785564,-4.322e-05,15.29500771,3.78997183,0.10845772,81.47107697,0.05698229,17.09699861,0.00886738,0.00120263,0.26389706,0
../data/raw/pump/id_00/normal/00000855.wav,9.435e-05,1.93746412,17574.89022465,-4.993e-05,7.16157007,3.34409404,0.0939996,37.86074829,0.07369222,14.36714697,0.00966481,0.00074021,0.26089163,0
../data/raw/pump/id_00/abnormal/00000045.wav,0.0002499,1.40756929,14409.30393292,-8.923e-05,9.17439938,3.02039957,0.0876769,44.83546066,0.05403053,15.04783535,0.01512662,0.00450405,0.25230896,1
../data/raw/pump/id_00/normal/00000752.wav,9.106e-05,0.95460868,7752.22019207,-5.046e-05,9.00702,3.78176236,0.07278043,59.79112625,0.0402339,15.1937836,0.00948593,0.00085859,0.2673169,0
../data/raw/pump/id_00/abnormal/00000133.wav,8.121e-05,1.02327418,15083.53197949,-4.749e-05,3.56676269,2.57511282,0.10946392,32.19358063,0.09043133,14.38846078,0.00897598,0.00057759,0.2746199,1
../data/raw/pump/id_00/normal/00000269.wav,9.566e-05,0.94120431,10774.08317841,-5.761e-05,8.04788399,3.10015941,0.07280539,40.66818619,0.04149519,14.70246481,0.00974071,0.00061065,0.26441347,0
../data/raw/pump/id_00/normal/00000626.wav,7.575e-05,0.50618619,29457.99705551,-5.271e-05,7.22226429,3.38882756,0.13784039,41.75695801,0.09940783,15.17494479,0.00854326,0.00158242,0.2765909,0
../data/raw/pump/id_00/abnormal/00000060.wav,0.00025734,2.74319053,11372.39856956,-9.114e-05,5.76072979,3.59802437,0.09710245,39.06653976,0.03729894,16.2568491,0.01576827,0.00272632,0.26685106,1
../data/raw/pump/id_00/normal/00000003.wav,9.407e-05,2.55316997,11890.34826031,-4.61e-05,4.80548763,4.17795897,0.1017575,60.44408417,0.07688864,16.47184333,0.00963917,0.0008577,0.25159279,0
../data/raw/pump/id_00/normal/00000727.wav,4.067e-05,0.14898357,38005.23891515,-3.031e-05,15.93320274,4.49260616,0.27936864,18.16732407,0.16983941,15.58015871,0.00634961,0.00042791,0.27589192,0
../data/raw/pump/id_00/normal/00000558.wav,0.00010336,1.89626133,8500.36719438,-5.222e-05,11.40792656,3.61223269,0.0542351,76.19631195,0.02562394,15.00521402,0.01010393,0.00089385,0.26426233,0
../data/raw/pump/id_00/normal/00000645.wav,9.919e-05,1.71515405,6085.21864905,-5.699e-05,10.03062153,3.06649566,0.07101918,48.34253693,0.03362309,14.99118222,0.00991891,0.00066737,0.27669555,0
../data/raw/pump/id_00/normal/00000976.wav,0.00010081,1.59657013,10854.80976458,-4.965e-05,10.59218407,3.66284728,0.05756415,54.68375778,0.0211288,15.55467149,0.00998699,0.00083975,0.25528815,0
../data/raw/pump/id_00/normal/00000598.wav,9.793e-05,1.8307004,9369.03381366,-5.385e-05,14.14894295,3.56795168,0.07975988,43.56374741,0.03759181,15.32541421,0.00984962,0.00076321,0.25766928,0
../data/raw/pump/id_00/normal/00000041.wav,7.976e-05,0.61926997,18377.22831323,-4.651e-05,18.82467842,3.84494114,0.11837778,53.555439,0.0795415,16.49752184,0.00887452,0.00082485,0.25344141,0
../data/raw/pump/id_00/normal/00000750.wav,9.446e-05,1.10081732,5698.10705369,-5.689e-05,10.11799431,3.20502973,0.0701565,44.51950455,0.01992018,15.00458618,0.00967128,0.00075128,0.2727016,0
../data/raw/pump/id_00/normal/00000523.wav,9.874e-05,1.25815427,5659.61108956,-5.745e-05,7.27507353,3.12876225,0.07233115,48.59864807,0.0305954,15.01579869,0.00989695,0.00064213,0.26638521,0
../data/raw/pump/id_00/normal/00000193.wav,0.00010515,1.07751715,16817.76893394,-5.969e-05,14.79310989,3.8450892,0.0858595,38.23895645,0.06704339,14.78579117,0.01020948,0.00069584,0.25799189,0
../data/raw/pump/id_00/normal/00000387.wav,7.854e-05,0.67568767,11351.07578892,-4.36e-05,15.43385983,3.4275341,0.10774324,81.51828003,0.0679021,17.02326465,0.00875808,0.00121195,0.26172643,0
../data/raw/pump/id_00/abnormal/00000048.wav,0.00023242,0.94604051,4814.87703424,-9.587e-05,5.32399416,3.19439292,0.09181248,33.69261551,0.02408638,15.02462699,0.01508638,0.00202119,0.27252173,1
../data/raw/pump/id_00/normal/00000234.wav,9.454e-05,1.18578947,8338.5260324,-5.552e-05,11.20814991,3.19850087,0.07354483,44.45363235,0.03018256,15.20648358,0.00968645,0.00059973,0.24848986,0
../data/raw/pump/id_00/normal/00000070.wav,9.835e-05,3.02287436,13446.8871741,-4.628e-05,5.65285444,3.86009026,0.09115103,55.66149902,0.05683214,16.37123165,0.00985129,0.00094903,0.25251392,0
../data/raw/pump/id_00/normal/00000431.wav,9.764e-05,1.30325043,8855.68569086,-5.679e-05,10.30641937,3.48873401,0.07218138,42.40254974,0.05823211,14.90389437,0.00983704,0.00071001,0.26440633,0
../data/raw/pump/id_00/normal/00000877.wav,0.00010188,0.91120666,9106.41685402,-5.872e-05,9.42056084,3.281564,0.0779144,39.47578049,0.05204427,14.74686659,0.01004952,0.00069638,0.25923451,0
../data/raw/pump/id_00/normal/00000124.wav,0.00010463,0.79720253,10759.94068132,-6.02e-05,11.25672531,3.54026604,0.08751622,37.31840134,0.04059084,14.86212561,0.01018303,0.00069121,0.25938326,0
../data/raw/pump/id_00/normal/00000321.wav,6.834e-05,0.27243894,20515.53034155,-4.821e-05,8.36885452,3.2655828,0.17547705,19.92427635,0.10804298,15.11309638,0.00820894,0.00081386,0.27370167,0
../data/raw/pump/id_00/normal/00000864.wav,9.966e-05,1.21559548,15386.43663441,-5.702e-05,12.37314034,3.58831382,0.07113618,47.99977112,0.05171754,14.69078513,0.00992401,0.00084762,0.25365188,0
../data/raw/pump/id_00/normal/00000396.wav,9.059e-05,0.89772099,11269.0994298,-5.501e-05,9.06676674,3.9422617,0.08501554,37.19630051,0.0482947,15.68105994,0.00946335,0.00082804,0.26613152,0
../data/raw/pump/id_00/normal/00000116.wav,0.00010023,0.68718845,35219.33858252,-5.15e-05,19.33339882,4.77556419,0.07576003,64.4859848,0.09285355,15.33843421,0.0098383,0.00164356,0.2407417,0
../data/raw/pump/id_00/normal/00000992.wav,0.0001017,1.67414856,8568.78738943,-5.71e-05,11.00802708,3.12435746,0.07093494,45.72596741,0.03398671,15.35370375,0.01004569,0.0006412,0.26307303,0
../data/raw/pump/id_00/normal/00000876.wav,9.952e-05,1.46998954,9941.81247788,-5.767e-05,11.14300251,3.08218312,0.07681772,43.22227859,0.05579475,14.82572398,0.00993499,0.00064847,0.26250199,0
../data/raw/pump/id_00/normal/00000670.wav,8.768e-05,0.94211882,7383.16174925,-5.053e-05,5.36131048,3.55192709,0.06810041,54.13287735,0.02799356,15.09878547,0.00930863,0.00085514,0.26541312,0
../data/raw/pump/id_00/abnormal/00000018.wav,0.00020779,0.8768791,36010.6953921,-7.836e-05,9.22049904,3.55047202,0.10389939,44.76314163,0.09749623,14.54480981,0.01371407,0.00435305,0.253102,1
../data/raw/pump/id_00/normal/00000907.wav,0.00010059,1.49094284,9212.30304848,-5.72e-05,9.8278141,3.18264151,0.07263691,47.36901093,0.04656596,15.21435103,0.00999235,0.00060627,0.26865363,0
../data/raw/pump/id_00/normal/00000768.wav,7.01e-05,0.72013777,5484.96521839,-4.4e-05,11.30462837,3.19837356,0.1102798,54.21120834,0.04097749,16.78926512,0.00832242,0.00073635,0.27331919,0
../data/raw/pump/id_00/normal/00000252.wav,6.266e-05,0.33832994,8129.94503578,-4.207e-05,11.39056206,3.49789,0.11220797,45.34500504,0.04879345,16.36855168,0.00786529,0.00075687,0.26904962,0
../data/raw/pump/id_00/normal/00000448.wav,0.00010035,2.57286763,15811.33516784,-4.606e-05,19.38596725,4.63794279,0.04464575,90.70835114,0.01693227,15.12824847,0.00994892,0.0009729,0.25625209,0
../data/raw/pump/id_00/normal/00000117.wav,9.408e-05,0.29129931,19340.01743433,-5.374e-05,12.66526413,4.44504786,0.08701234,58.04152679,0.10783076,15.55357582,0.00961733,0.00110225,0.25782182,0
../data/raw/pump/id_00/normal/00000951.wav,9.929e-05,0.99660164,8415.46094414,-5.797e-05,9.36879349,3.23973942,0.07480219,43.73759079,0.03182,14.77926593,0.00991722,0.00071017,0.26854496,0
../data/raw/pump/id_00/normal/00000304.wav,0.00010356,5.24857807,12132.65905615,-3.908e-05,13.8938694,3.57212281,0.06477137,78.8108902,0.0414836,17.17525742,0.01012121,0.00080999,0.25580522,0
../data/raw/pump/id_00/normal/00000582.wav,9.819e-05,1.22361445,5552.70518225,-4.415e-05,4.34586859,3.24504733,0.08580178,78.65267944,0.04333679,16.61632193,0.00981885,0.00118441,0.26225307,0
../data/raw/pump/id_00/normal/00000410.wav,7.504e-05,0.67898011,6509.08948981,-4.508e-05,9.61842155,3.20979691,0.11059336,60.16601562,0.04049464,16.70091319,0.00861457,0.000723,0.26884905,0
../data/raw/pump/id_00/normal/00000536.wav,8.309e-05,0.45890942,32919.6793685,-5.373e-05,15.78424072,3.2360642,0.13850339,37.51787949,0.11186564,14.9301355,0.00902187,0.00115465,0.27469284,0
../data/raw/pump/id_00/normal/00000086.wav,0.00010351,1.67331302,14536.23248106,-5.84e-05,10.40009308,3.85985518,0.0848221,46.0825386,0.05503469,14.76759508,0.0101341,0.00063472,0.25682173,0
../data/raw/pump/id_00/abnormal/00000010.wav,0.00020378,2.40797567,30295.58754282,-7.51e-05,8.52964592,3.87714672,0.08780638,59.73035431,0.06404275,14.99436718,0.01365933,0.00408236,0.24493246,1
../data/raw/pump/id_00/normal/00000720.wav,9.637e-05,1.40317512,6484.71811778,-5.691e-05,11.27787685,3.03135967,0.06887418,48.14913559,0.03452371,15.03301354,0.00977509,0.00069578,0.26010982,0
../data/raw/pump/id_00/normal/00000248.wav,9.546e-05,0.64534605,18506.29655319,-5.644e-05,10.73009205,3.15613151,0.07986596,42.29159546,0.06938426,14.67687676,0.00972609,0.00069158,0.2625576,0
../data/raw/pump/id_00/normal/00000511.wav,3.799e-05,0.20146485,24997.67095341,-2.415e-05,9.01706505,4.55091667,0.31688517,25.82839966,0.20035407,16.43499153,0.00613246,0.00049893,0.27137972,0
../data/raw/pump/id_00/normal/00000493.wav,0.00010274,0.99375463,6981.3427,-5.768e-05,8.88007736,3.20185757,0.06585557,60.25751114,0.02520497,14.95628174,0.01007914,0.00085216,0.26512539,0
../data/raw/pump/id_00/normal/00000143.wav,7.919e-05,0.18884142,10130.50860599,-5.483e-05,8.89560509,3.16182852,0.16061177,16.99496269,0.11094318,15.00537675,0.00875077,0.00149059,0.27396621,0
../data/raw/pump/id_00/normal/00000182.wav,5.212e-05,0.14974222,49886.16434681,-3.307e-05,17.99330139,3.64601254,0.25792638,18.00276375,0.21839404,15.36438883,0.00712065,0.00111101,0.26901492,0
../data/raw/pump/id_00/normal/00000059.wav,7.015e-05,0.22249368,104358.91158911,-4.985e-05,11.65800476,3.95853496,0.17511669,28.93622017,0.20762262,14.89076498,0.0082369,0.00143686,0.26271953,0
../data/raw/pump/id_00/abnormal/00000096.wav,9.562e-05,1.46704304,13272.09344732,-4.756e-05,12.1548996,3.83469152,0.05513366,55.34078217,0.02409946,15.43106577,0.00971439,0.00084376,0.26593303,1
../data/raw/pump/id_00/normal/00000296.wav,8.631e-05,0.93482059,13979.16867768,-4.948e-05,4.95461655,2.96905494,0.11260577,33.99051666,0.10765851,14.22288181,0.00925235,0.00056662,0.26559748,0
../data/raw/pump/id_00/normal/00000237.wav,9.114e-05,0.48694688,13232.51023704,-5.008e-05,7.80182886,3.68825388,0.07144662,58.67258072,0.03684041,15.4177832,0.00945197,0.00121337,0.26406317,0
../data/raw/pump/id_00/normal/00000098.wav,0.00010144,1.05219018,13558.92983563,-5.934e-05,13.94443035,3.65156221,0.09043811,40.86856461,0.04989816,14.81848222,0.0100249,0.00070044,0.2633053,0
../data/raw/pump/id_00/normal/00000764.wav,9.69e-05,1.48060834,5361.62549722,-5.695e-05,11.12894058,3.45197415,0.06693509,45.02862549,0.02317476,15.01467264,0.00980151,0.00062581,0.26960082,0
../data/raw/pump/id_00/normal/00000357.wav,8.801e-05,1.32590759,9467.53458152,-4.268e-05,8.63184357,3.84295964,0.09102935,82.37356567,0.04799621,16.32134825,0.00926077,0.00138983,0.27271293,0
../data/raw/pump/id_00/normal/00000971.wav,9.801e-05,1.3282361,10853.02982384,-5.701e-05,8.49946785,3.07276511,0.07849472,48.15654755,0.04670523,14.93766744,0.00985665,0.00069412,0.25138455,0
../data/raw/pump/id_00/normal/00000058.wav,8.237e-05,1.06117284,15390.58127336,-4.743e-05,14.68319035,4.22418308,0.11723274,42.5807724,0.07083197,16.69070962,0.00902705,0.000744,0.25724582,0
../data/raw/pump/id_00/normal/00000711.wav,7.823e-05,0.83815604,4691.76767846,-4.328e-05,17.66803932,3.14492893,0.10899436,60.62830353,0.04376599,17.2994531,0.00879628,0.0007563,0.26279808,0
../data/raw/pump/id_00/normal/00000110.wav,0.00010336,1.1258626,14899.12662592,-5.944e-05,10.63565254,3.29912591,0.08880479,40.13661194,0.07397358,14.5933063,0.01012296,0.00064188,0.26516341,0
../data/raw/pump/id_00/abnormal/00000046.wav,0.00020437,0.3045004,19894.34353277,-8.089e-05,-0.16997671,4.26593113,0.15356523,35.31450653,0.09682491,15.7138484,0.01405047,0.00251359,0.26324075,1
../data/raw/pump/id_00/abnormal/00000105.wav,7.79e-05,0.66658169,6248.89045621,-4.169e-05,20.73131752,3.42500544,0.10312406,68.06409454,0.06241656,17.10685371,0.00874835,0.00103951,0.27066799,1
../data/raw/pump/id_00/normal/00000800.wav,7.552e-05,0.74992687,5239.45741625,-4.421e-05,12.6660347,3.64887238,0.09830833,51.54539108,0.03500132,16.86545652,0.00863414,0.00083163,0.271091,0
../data/raw/pump/id_00/normal/00000247.wav,7.229e-05,0.96674401,8405.52490659,-4.266e-05,14.42257309,3.10954976,0.1090084,52.71474457,0.05977418,16.91793274,0.00843613,0.00089253,0.26586762,0
../data/raw/pump/id_00/normal/00000253.wav,9.685e-05,0.79500049,8605.78893859,-5.696e-05,9.74371719,3.40687275,0.07923572,40.35649109,0.04183363,14.78758225,0.00978877,0.00079555,0.26816941,0
../data/raw/pump/id_00/normal/00000980.wav,8.896e-05,0.86746407,9272.78693845,-5.235e-05,5.48420906,3.79202461,0.09084995,40.01484299,0.04353752,15.86607082,0.00939019,0.0007082,0.2591309,0
../data/raw/pump/id_00/normal/00000444.wav,7.625e-05,1.12812459,6842.54585159,-4.299e-05,14.3621788,3.68671298,0.10276682,51.73374176,0.04011917,17.17602052,0.0086675,0.00089102,0.26848598,0
../data/raw/pump/id_00/normal/00000195.wav,9.563e-05,0.63455272,24049.83833761,-5.285e-05,10.11791706,4.39906645,0.08096109,56.04217148,0.08271305,15.10586011,0.00971987,0.00089366,0.248003,0
../data/raw/pump/id_00/normal/00000140.wav,0.00010135,1.22738218,27561.40361251,-5.292e-05,15.12917137,4.41598558,0.07264315,42.77359009,0.05812809,15.07363391,0.01002097,0.00076048,0.24476938,0
../data/raw/pump/id_00/normal/00000358.wav,9.154e-05,0.86293286,13881.58964162,-4.795e-05,13.18058586,3.87635422,0.06413332,63.39332199,0.02935616,14.97021009,0.00951631,0.00078688,0.26139581,0
../data/raw/pump/id_00/normal/00000830.wav,0.00010231,2.6782105,19246.11338874,-4.865e-05,13.32693863,4.44692802,0.05637074,78.66313171,0.04700562,15.42208551,0.01002906,0.00114977,0.23093302,0
../data/raw/pump/id_00/normal/00000352.wav,7.385e-05,0.81248462,9246.46537651,-4.436e-05,11.62078857,4.00456572,0.10569495,47.81254959,0.04665755,16.79117791,0.0085443,0.00076271,0.27173017,0
../data/raw/pump/id_00/abnormal/00000013.wav,0.00024638,2.14634347,17773.04404422,-8.66e-05,8.13076115,3.26804805,0.08120913,48.00032806,0.03654226,15.32754301,0.01507174,0.00425661,0.24817597,1
../data/raw/pump/id_00/normal/00000545.wav,9.468e-05,2.2119875,12282.0272433,-4.703e-05,7.49103355,3.56216621,0.07611883,68.63861847,0.06830755,14.46719903,0.00964785,0.00113472,0.26908633,0
../data/raw/pump/id_00/normal/00000212.wav,8.84e-05,2.39023542,8350.60263767,-4.071e-05,4.97858143,3.78394198,0.08643826,83.81906128,0.04996753,16.92713994,0.00933221,0.00098066,0.26489768,0
../data/raw/pump/id_00/normal/00000270.wav,9.668e-05,1.17223084,10688.71996033,-5.597e-05,9.09784508,3.43347144,0.08029497,43.08097839,0.04311162,14.74425536,0.00979353,0.00058717,0.2671534,0
../data/raw/pump/id_00/normal/00000923.wav,6.314e-05,0.13805301,6351.05064311,-4.617e-05,1.0112654,3.20578599,0.18701328,20.70664978,0.13024114,15.47998816,0.00790721,0.00058409,0.2756356,0
../data/raw/pump/id_00/normal/00000862.wav,9.004e-05,0.34572867,10045.98769078,-4.602e-05,9.81255436,4.96814966,0.10187918,74.52812195,0.06171651,16.71246216,0.00940751,0.00110315,0.26000614,0
../data/raw/pump/id_00/abnormal/00000092.wav,2.889e-05,0.25837937,343578.7207154,-2.247e-05,13.94098282,3.41482472,0.10972756,48.86935043,0.51927829,16.80394959,0.00475693,0.00248226,0.20994544,1
../data/raw/pump/id_00/normal/00000325.wav,8.365e-05,0.56782991,8900.17641154,-5.055e-05,4.21543026,2.93358493,0.10461699,32.80878448,0.08120318,14.89291184,0.00911136,0.00053163,0.26944951,0
../data/raw/pump/id_00/normal/00000469.wav,7.387e-05,0.81103539,5016.2882639,-4.413e-05,8.14821243,3.48404837,0.10708023,51.37628937,0.03182738,17.11260582,0.00854714,0.00069832,0.26864643,0
../data/raw/pump/id_00/normal/00000695.wav,8.99e-05,0.26097316,18679.8187175,-5.876e-05,12.985466,4.13528776,0.10656699,36.57404327,0.10074052,15.44014645,0.00935545,0.00143739,0.21751365,0
../data/raw/pump/id_00/normal/00000733.wav,3.686e-05,0.12938,560587.16419499,-2.428e-05,11.73574257,4.04225969,0.17049128,39.93515015,0.4765076,14.5554024,0.00527958,0.00298179,0.23771228,0
../data/raw/pump/id_00/abnormal/00000107.wav,0.00011148,2.47597408,11035.50039897,-4.089e-05,14.94549561,3.28946757,0.09214632,97.02539062,0.06022868,16.8209557,0.01034586,0.0020243,0.26978267,1
../data/raw/pump/id_00/normal/00000369.wav,9.827e-05,0.98933995,9632.69054606,-5.69e-05,10.05327988,2.98161793,0.07608919,43.43200684,0.04131734,15.017311,0.00987185,0.0006416,0.27036541,0
../data/raw/pump/id_00/normal/00000471.wav,9.716e-05,3.55384231,14658.54695257,-4.648e-05,10.16324806,4.21797705,0.05279678,72.45706177,0.02339711,15.46046136,0.00981979,0.00058244,0.25500469,0
../data/raw/pump/id_00/normal/00000206.wav,7.716e-05,1.03648579,10921.40006853,-4.371e-05,7.52029324,3.8004756,0.09915229,45.48653793,0.05070208,16.71352573,0.00873459,0.00071339,0.2701591,0
../data/raw/pump/id_00/normal/00000312.wav,9.676e-05,2.9010942,17562.58819638,-4.499e-05,7.93110466,3.75041699,0.05748615,61.2171402,0.037067,15.78832685,0.00979199,0.00071176,0.2554924,0
../data/raw/pump/id_00/normal/00000937.wav,7.343e-05,0.61210352,10692.15814644,-4.596e-05,10.6136322,3.39992738,0.10712547,46.08961868,0.07592949,16.58310941,0.00853073,0.00061758,0.2514612,0
../data/raw/pump/id_00/normal/00000953.wav,0.00010085,1.54002845,7350.00088014,-5.76e-05,10.3960762,3.37703419,0.07499563,41.83082199,0.03778117,15.13876467,0.01000142,0.00061239,0.26238363,0
../data/raw/pump/id_00/normal/00000366.wav,9.757e-05,0.49042326,17413.20825118,-5.963e-05,11.75935078,3.56515002,0.07860392,40.70325851,0.06737714,14.31121188,0.00979257,0.00116716,0.26841093,0
../data/raw/pump/id_00/abnormal/00000049.wav,0.00026613,0.96756554,14707.0109641,-9.126e-05,6.6288662,3.18386674,0.0850093,57.64620209,0.04883394,14.85214136,0.01559273,0.00465125,0.25586194,1
../data/raw/pump/id_00/normal/00000803.wav,9.636e-05,1.30112815,16677.65008002,-5.61e-05,13.49231529,3.81463552,0.07094586,50.21445084,0.06445812,15.15828617,0.00968457,0.00149801,0.23951291,0
../data/raw/pump/id_00/normal/00000106.wav,0.00010014,1.31548154,28534.60721493,-5.047e-05,13.22488403,4.54344893,0.07424527,57.9582634,0.05771666,15.48260182,0.00994702,0.00087982,0.25533197,0
../data/raw/pump/id_00/normal/00000538.wav,7.017e-05,0.58659387,5997.28166068,-4.355e-05,7.41901016,3.32208419,0.10038314,51.99671173,0.03470844,17.11023802,0.00833064,0.00070977,0.27308145,0
../data/raw/pump/id_00/normal/00000585.wav,0.00011673,2.55937243,7456.62077675,-4.588e-05,7.70981979,3.62171698,0.08243217,95.68200684,0.03513053,16.93505503,0.01049967,0.00240659,0.26743654,0
../data/raw/pump/id_00/normal/00000371.wav,0.00010798,3.50718522,16938.7741049,-4.169e-05,9.10168362,3.60212135,0.07773344,76.08406067,0.09136245,17.04266518,0.01030839,0.00113831,0.26843845,0
../data/raw/pump/id_00/normal/00000843.wav,9.904e-05,1.10229242,10601.76510285,-5.805e-05,10.8008709,3.61509681,0.08025753,44.10332489,0.05653947,14.75695719,0.00991106,0.0006745,0.26479363,0
../data/raw/pump/id_00/normal/00000621.wav,9.845e-05,0.91812712,6368.22307331,-5.813e-05,12.84058952,3.42003345,0.07558063,39.71509171,0.04554958,14.90873742,0.00988325,0.00063039,0.27461931,0
../data/raw/pump/id_00/normal/00000379.wav,9.529e-05,1.1432215,7825.67673096,-5.676e-05,8.49937344,2.96472931,0.07870532,44.35655212,0.03239726,14.74948123,0.00971925,0.0006873,0.26864458,0
../data/raw/pump/id_00/normal/00000641.wav,8.565e-05,0.56374103,7349.71713029,-5.204e-05,3.34790707,2.90790725,0.09826933,34.77632904,0.06293864,15.01000356,0.00921629,0.00061529,0.27051592,0
../data/raw/pump/id_00/normal/00000783.wav,9.116e-05,0.35601526,14692.96600713,-5.221e-05,8.78104973,6.77039719,0.08257569,47.97128296,0.04233766,15.25448796,0.00877844,0.00372268,0.22582703,0
../data/raw/pump/id_00/normal/00000066.wav,9.073e-05,0.94454294,10426.32854703,-4.627e-05,5.91761684,3.62349558,0.123869,55.54771042,0.07992931,17.10769563,0.0094525,0.00100485,0.26560509,0
../data/raw/pump/id_00/normal/00000787.wav,6.982e-05,0.56213325,5684.87846006,-4.06e-05,17.86118698,3.63651061,0.13728815,46.25268555,0.08898217,16.05481042,0.00829745,0.00083524,0.27343528,0
../data/raw/pump/id_00/abnormal/00000118.wav,9.415e-05,0.98798788,8325.54823242,-5.609e-05,8.34741116,3.02589035,0.07514851,42.63464355,0.04433248,15.07896639,0.00966081,0.0006878,0.27167674,1
../data/raw/pump/id_00/abnormal/00000053.wav,0.00016909,1.25188422,21342.55838927,-7.232e-05,10.72903633,4.14533615,0.09672181,52.95087433,0.08189229,15.0947272,0.01251433,0.00345308,0.23798708,1
../data/raw/pump/id_00/normal/00000975.wav,7.653e-05,0.1863327,22353.61763769,-5.344e-05,11.20125008,3.02701521,0.14177784,22.52562141,0.13352208,14.98947226,0.00840678,0.00233263,0.27039976,0
../data/raw/pump/id_00/normal/00000181.wav,0.00010864,0.36076057,28554.91146801,-6.087e-05,13.2693243,3.76012564,0.08887343,46.65846252,0.10397022,14.3403778,0.01024151,0.00181558,0.2423584,0
../data/raw/pump/id_00/normal/00000730.wav,8.033e-05,0.91747957,6217.7527033,-4.633e-05,9.5704155,3.38328362,0.10493367,49.90748215,0.04369612,17.12761733,0.00892155,0.0006706,0.26652402,0
../data/raw/pump/id_00/normal/00000999.wav,9.912e-05,1.19124293,10966.26073382,-5.806e-05,10.94148636,3.58827877,0.07345591,41.30599213,0.03751831,14.98162651,0.0099182,0.00061252,0.26283864,0
../data/raw/pump/id_00/normal/00000153.wav,0.00010028,0.9811452,14677.40021943,-5.889e-05,8.16895294,3.66165662,0.08286585,45.07878494,0.05608578,14.89035365,0.00997487,0.00065372,0.25621693,0
../data/raw/pump/id_00/normal/00000155.wav,0.00010579,0.59153116,19714.76996865,-6.107e-05,10.49106407,3.83691907,0.09472344,30.34708023,0.06078528,15.18209823,0.01012045,0.00172637,0.23616918,0
../data/raw/pump/id_00/normal/00000145.wav,6.74e-05,0.25770551,20307.37435266,-4.871e-05,9.00868607,3.45604873,0.1814815,18.21719742,0.16068959,15.10357535,0.00805388,0.00152699,0.27347471,0
../data/raw/pump/id_00/normal/00000880.wav,8.958e-05,0.36368179,14653.63110959,-5.274e-05,4.97087574,3.03743267,0.09111047,38.91819,0.07902965,14.99006667,0.00942245,0.00066957,0.27128597,0
../data/raw/pump/id_00/normal/00000262.wav,7.261e-05,0.82592672,9176.99491323,-4.471e-05,9.47206306,3.54373646,0.11298173,39.94937515,0.04873177,16.79933687,0.00847036,0.00072698,0.2663841,0
../data/raw/pump/id_00/normal/00000348.wav,9.647e-05,1.4402082,9556.48222578,-5.608e-05,7.58151054,2.9487493,0.07904072,47.66384888,0.03795345,14.72110302,0.00977651,0.00067107,0.27216142,0
../data/raw/pump/id_00/normal/00000320.wav,8.97e-05,1.05661929,15811.04423991,-4.975e-05,10.35871983,3.70500112,0.07560715,47.29924011,0.04203534,15.5278378,0.00942356,0.00072894,0.25458896,0
../data/raw/pump/id_00/abnormal/00000097.wav,0.00014472,2.80841494,21317.41292311,-6.328e-05,11.85318756,4.13946199,0.0862729,40.69838333,0.05409925,15.71080158,0.01187833,0.00177372,0.24478776,1
../data/raw/pump/id_00/normal/00000845.wav,7.401e-05,0.62538952,7646.95585249,-4.523e-05,13.66139603,3.55692172,0.10980556,60.50725174,0.0599771,16.43721014,0.0085512,0.00074397,0.25229437,0
../data/raw/pump/id_00/normal/00000649.wav,8.778e-05,0.74496979,12354.44067304,-4.548e-05,11.37003136,3.2726481,0.09681073,61.80146027,0.07936852,16.25530649,0.00929225,0.00106056,0.25547611,0
../data/raw/pump/id_00/normal/00000367.wav,0.00010292,3.3315599,8001.66635965,-4.156e-05,10.12746811,3.26646519,0.07933712,74.84230804,0.03774633,17.04236137,0.01005054,0.00121181,0.2675126,0
../data/raw/pump/id_00/normal/00000087.wav,0.00010544,0.65580302,16167.53687226,-4.973e-05,10.69835758,4.1330719,0.10389627,66.45986938,0.07918501,16.17416952,0.01014266,0.00147596,0.24564279,0
../data/raw/pump/id_00/normal/00000277.wav,9.511e-05,2.50553036,9542.47320051,-4.088e-05,12.90055275,3.7662487,0.09448476,72.03375244,0.05457238,17.14166822,0.00967306,0.00108898,0.26496416,0
../data/raw/pump/id_00/normal/00000904.wav,8.032e-05,0.78862596,11592.84769205,-4.79e-05,13.94705963,3.65226245,0.10173878,40.26814651,0.0704222,16.68816371,0.00891493,0.00073058,0.26254452,0
../data/raw/pump/id_00/normal/00000152.wav,0.00010482,2.73690438,33674.68021298,-4.869e-05,19.37169838,5.29674292,0.06394144,90.32254028,0.06727529,15.26675822,0.01014436,0.00124833,0.24401989,0
../data/raw/pump/id_00/normal/00000718.wav,8.095e-05,0.67136663,6662.64501964,-4.582e-05,18.19814682,3.43711329,0.1000649,56.32190323,0.03914888,16.70823359,0.00893476,0.0008633,0.27210335,0
../data/raw/pump/id_00/normal/00000187.wav,8.784e-05,0.76888216,7431.95492656,-5.499e-05,12.08435917,3.66691661,0.12103291,30.53995705,0.07346704,14.51784998,0.00933434,0.00054508,0.2589638,0
../data/raw/pump/id_00/normal/00000161.wav,0.00010515,0.82301849,13783.23828904,-6.025e-05,9.54322243,3.3831377,0.08830559,35.90307617,0.05120649,14.77306833,0.01021069,0.00068846,0.25362914,0
../data/raw/pump/id_00/normal/00000827.wav,9.012e-05,0.34169751,13132.16454539,-5.362e-05,5.18861246,3.0904541,0.09610717,44.01730347,0.07944681,14.80007246,0.00945609,0.0006266,0.26308598,0
../data/raw/pump/id_00/normal/00000229.wav,8.068e-05,0.43508881,9492.90385955,-4.21e-05,9.85409069,4.16456079,0.10094942,83.10610962,0.04670015,17.30200582,0.00891348,0.00095867,0.26203243,0
../data/raw/pump/id_00/abnormal/00000014.wav,0.00017759,0.78264588,20330.94253157,-7.587e-05,13.7108078,3.73408723,0.09087023,61.16267776,0.07174332,14.86576811,0.01291526,0.00309821,0.2649261,1
../data/raw/pump/id_00/normal/00000707.wav,8.659e-05,0.49813938,10669.15253269,-4.995e-05,10.10293484,3.59616542,0.08080197,55.37099838,0.04037589,16.57966707,0.00921871,0.00113742,0.26396282,0
../data/raw/pump/id_00/normal/00000112.wav,9.796e-05,0.81486183,25453.53359245,-5.305e-05,10.55078697,4.29524279,0.07667732,43.47945023,0.07850553,14.92597484,0.00984409,0.00083813,0.23031129,0
../data/raw/pump/id_00/normal/00000162.wav,0.00010367,1.92532504,17354.11258403,-5.799e-05,12.34004402,3.66177297,0.08423398,49.37619019,0.0885933,14.99177322,0.01013796,0.00069696,0.25729979,0
../data/raw/pump/id_00/normal/00000890.wav,9.844e-05,1.35588324,15323.31883405,-5.683e-05,10.98879623,3.46638894,0.07497223,44.14851761,0.0545956,15.10117043,0.00987346,0.00075559,0.24655022,0
../data/raw/pump/id_00/normal/00000391.wav,9.554e-05,1.5258491,22913.73587011,-4.88e-05,11.3385582,4.44926834,0.06003051,52.60338211,0.03328969,15.25768561,0.00973495,0.00062241,0.25230737,0
../data/raw/pump/id_00/normal/00000088.wav,8.631e-05,0.73548931,14906.55276957,-4.704e-05,13.49212551,3.74403763,0.10937968,61.77809906,0.06911355,16.89380728,0.00920741,0.00105943,0.26155158,0
../data/raw/pump/id_00/normal/00000050.wav,9.368e-05,0.37663704,15035.80219737,-5.539e-05,10.24600029,3.89488101,0.09327108,36.68742752,0.04877015,15.50757467,0.0096348,0.00068037,0.25187675,0
../data/raw/pump/id_00/normal/00000449.wav,9.858e-05,1.12609375,8685.45847304,-5.494e-05,11.56430721,3.16529393,0.07050282,74.45334625,0.04756291,15.07422907,0.00982986,0.00128186,0.26895667,0
../data/raw/pump/id_00/normal/00000751.wav,7.479e-05,0.52856272,5463.46646163,-4.423e-05,17.37273216,3.6672163,0.10921276,60.71029282,0.04558263,16.78482691,0.00858693,0.00089425,0.26973197,0
../data/raw/pump/id_00/normal/00000331.wav,6.578e-05,0.20674194,19084.08981936,-4.423e-05,5.8352747,2.76751208,0.18459995,28.29685402,0.15270682,14.65189132,0.00805336,0.00078852,0.27386504,0
../data/raw/pump/id_00/normal/00000498.wav,9.168e-05,0.89381355,9181.62556625,-4.6e-05,12.50189686,3.17913127,0.09808057,62.94486237,0.07072382,17.13083589,0.00949262,0.00103889,0.26968629,0
../data/raw/pump/id_00/normal/00000804.wav,9.735e-05,1.01174748,11837.46914731,-4.987e-05,14.29406357,4.16335201,0.05382794,50.69898224,0.02608799,15.66332768,0.00981242,0.00082607,0.25442308,0
../data/raw/pump/id_00/normal/00000186.wav,0.00010629,0.65028948,16935.64063942,-5.969e-05,11.28540802,4.00967836,0.08143533,61.71947861,0.05702484,14.49950326,0.01022783,0.00109591,0.25385292,0
../data/raw/pump/id_00/normal/00000534.wav,9.856e-05,0.9796412,45764.08983652,-5.583e-05,12.29130745,3.09148335,0.07893308,55.98166275,0.11267345,15.4195862,0.0098717,0.00084618,0.2617014,0
../data/raw/pump/id_00/normal/00000618.wav,8.913e-05,0.32444128,13195.90810115,-5.269e-05,5.09821653,3.29071689,0.08412478,48.12575912,0.05029996,15.01956793,0.00939121,0.00075285,0.26782005,0
../data/raw/pump/id_00/normal/00000062.wav,9.251e-05,0.92342895,17379.0736768,-5.185e-05,10.07151031,3.32922411,0.1179909,36.60482407,0.10378547,14.24212457,0.00956999,0.00072271,0.2657799,0
../data/raw/pump/id_00/normal/00000633.wav,9.808e-05,1.4747498,7986.30494955,-5.698e-05,9.3241272,3.17528677,0.07408147,41.43315887,0.04907253,14.98150755,0.00986045,0.00062517,0.27009069,0
../data/raw/pump/id_00/normal/00000658.wav,9.51e-05,0.81423056,14138.09263678,-4.869e-05,13.88081932,4.16523838,0.05571866,60.75093842,0.02990828,15.28952402,0.00969519,0.00079634,0.25260282,0
../data/raw/pump/id_00/normal/00000380.wav,9.761e-05,1.76173067,7755.79952932,-5.545e-05,9.5515213,3.20386744,0.07272115,43.02490616,0.03223203,14.94477306,0.00983512,0.00068064,0.27022674,0
../data/raw/pump/id_00/abnormal/00000125.wav,7.86e-05,0.89885014,12009.20212657,-4.678e-05,4.34242058,2.88877034,0.11904546,34.98593521,0.08709693,14.72528485,0.00882406,0.00065245,0.26947713,1
../data/raw/pump/id_00/normal/00000477.wav,0.00010169,0.68296754,7282.16971871,-5.922e-05,10.18407059,3.57645035,0.07000674,38.94651794,0.02517057,14.57980729,0.01003799,0.00074774,0.26428479,0
../data/raw/pump/id_00/abnormal/00000137.wav,9.678e-05,1.8588016,6232.59284638,-4.703e-05,11.73806763,3.52661729,0.0409111,96.30171204,0.00717782,15.40691756,0.00974017,0.00122939,0.26105306,1
../data/raw/pump/id_00/normal/00000842.wav,7.616e-05,0.32135096,22835.55922695,-5.076e-05,10.85002136,3.58571219,0.15201147,25.44451332,0.10958809,14.77184291,0.00851198,0.00186176,0.26931731,0
../data/raw/pump/id_00/normal/00000045.wav,0.00010792,1.1534462,23930.19709063,-5.636e-05,10.75298977,3.8756907,0.07619684,55.79029465,0.06097299,14.78348832,0.01033481,0.00083788,0.24534122,0
../data/raw/pump/id_00/normal/00000224.wav,7.683e-05,0.69495118,11075.16907511,-4.26e-05,16.39826202,3.38012767,0.10936096,81.19004822,0.07538071,16.78478621,0.00867233,0.00114802,0.26530241,0
../data/raw/pump/id_00/normal/00000866.wav,9.873e-05,3.59234214,8633.85193159,-4.131e-05,6.74067593,3.60093617,0.07557283,96.92844391,0.03766061,17.27862846,0.00982825,0.00130571,0.25981771,0
../data/raw/pump/id_00/normal/00000771.wav,8.912e-05,0.55434901,5570.21926186,-5.201e-05,6.77646637,3.38656116,0.0721533,53.57882309,0.02537005,15.51542489,0.00939357,0.00068376,0.26946607,0
../data/raw/pump/id_00/normal/00000742.wav,7.25e-05,0.62222981,9894.56849193,-4.419e-05,18.54919624,3.84450364,0.10493991,51.4263382,0.05432944,16.99987599,0.00846956,0.00068674,0.26130253,0
../data/raw/pump/id_00/normal/00000204.wav,9.788e-05,1.42793548,11848.2672766,-5.788e-05,9.94706154,3.43991351,0.08490322,42.53774261,0.05610824,14.89220323,0.00984774,0.00066245,0.25739123,0
../data/raw/pump/id_00/normal/00000950.wav,0.00010078,1.53281128,11251.47033645,-5.725e-05,10.94966698,3.43946218,0.07174614,48.25386429,0.03514981,15.07919616,0.00999334,0.00070562,0.2527152,0
../data/raw/pump/id_00/normal/00000330.wav,9.616e-05,1.4531033,8675.37900869,-5.596e-05,8.15320396,2.92966056,0.07908596,43.24847794,0.0365554,14.80057449,0.00976159,0.00070661,0.27205866,0
../data/raw/pump/id_00/normal/00000311.wav,9.622e-05,1.37795711,8855.86779789,-5.634e-05,8.29754829,2.95075512,0.07890968,45.24855804,0.04317047,14.80032675,0.00976677,0.0006692,0.26694876,0
../data/raw/pump/id_00/normal/00000290.wav,9.265e-05,0.96052986,12177.52095833,-5.591e-05,9.76328373,3.51356459,0.07657124,49.37190247,0.05657962,14.91149292,0.00958507,0.00060825,0.26548609,0
../data/raw/pump/id_00/normal/00000465.wav,6.639e-05,1.01041734,6048.77778368,-4.215e-05,11.9839325,3.91588664,0.11036872,51.03469849,0.03615657,17.05041634,0.00809815,0.00076046,0.27175045,0
../data/raw/pump/id_00/normal/00000514.wav,9.708e-05,1.01277363,8259.88634184,-5.735e-05,14.68813896,3.44956851,0.06774785,41.43931961,0.03995276,14.93421215,0.00981203,0.00062077,0.25747713,0
../data/raw/pump/id_00/normal/00000316.wav,8.447e-05,0.56386101,9251.67229484,-4.971e-05,4.15110111,3.21685982,0.09981218,38.30185318,0.05233629,15.12573379,0.009147,0.00067089,0.26691034,0
../data/raw/pump/id_00/normal/00001004.wav,7.264e-05,0.69654775,6746.40598675,-4.542e-05,8.1511631,3.49898863,0.110389,53.21009064,0.05140065,16.87284161,0.0084718,0.0007179,0.26701825,0
../data/raw/pump/id_00/normal/00000887.wav,9.301e-05,0.64433092,13338.07130499,-5.035e-05,9.83549118,3.79802322,0.06873222,77.54029846,0.04143694,15.51553987,0.00954432,0.00124175,0.24317246,0
../data/raw/pump/id_00/normal/00000261.wav,7.114e-05,1.13028109,123520.63104747,-4.648e-05,14.61809158,3.57237816,0.11992999,42.55464935,0.12793972,15.17128733,0.00836119,0.00096975,0.2652807,0
../data/raw/pump/id_00/normal/00000250.wav,9.305e-05,0.66300899,8823.35382103,-5.679e-05,9.91141129,3.08610201,0.07793624,35.21612167,0.04975545,14.72025016,0.00960669,0.00056868,0.26964869,0
../data/raw/pump/id_00/normal/00000024.wav,0.00010171,1.16747391,11049.81598941,-5.865e-05,11.92299461,4.0132246,0.08832275,43.48422623,0.05283675,14.74414687,0.01004106,0.00070744,0.263818,0
../data/raw/pump/id_00/normal/00000518.wav,9.371e-05,0.70759338,15196.60425946,-4.852e-05,9.73143005,3.61370111,0.06637661,70.87854004,0.05265951,15.46272053,0.00957856,0.00125268,0.25717613,0
../data/raw/pump/id_00/normal/00000165.wav,0.00010232,1.28695846,18619.78954783,-5.883e-05,12.32102585,4.07295752,0.08176917,39.64120483,0.081536,14.89968431,0.01006646,0.00076911,0.25408584,0
../data/raw/pump/id_00/normal/00000406.wav,9.207e-05,0.63843101,6550.38941755,-4.757e-05,8.27117348,3.38503051,0.10412091,78.59895325,0.06339157,16.05850207,0.00952227,0.00101471,0.2629235,0
../data/raw/pump/id_00/normal/00000773.wav,7.83e-05,0.76423264,4704.96597933,-4.933e-05,11.73561287,3.30751491,0.12180979,35.81566238,0.06735493,14.6570512,0.00881323,0.00055913,0.28137791,0
../data/raw/pump/id_00/normal/00000242.wav,9.332e-05,1.71700084,20113.56502831,-4.644e-05,11.26330376,4.43168926,0.06067948,69.78321838,0.03618598,15.46849185,0.00960148,0.00086918,0.25188714,0
../data/raw/pump/id_00/normal/00000728.wav,9.84e-05,0.78351599,7693.09543237,-5.89e-05,11.88185978,3.47665811,0.07056678,40.09792709,0.0284893,14.96017836,0.00987308,0.00072628,0.25835977,0
../data/raw/pump/id_00/normal/00000437.wav,7.444e-05,0.20025486,6990.88374512,-5.482e-05,10.09848595,4.19115496,0.14599765,20.63286591,0.07365086,15.10367414,0.00853551,0.00114753,0.26285817,0
../data/raw/pump/id_00/normal/00000605.wav,6.791e-05,0.24155596,43158.48412874,-4.809e-05,10.19846344,3.20521402,0.15975377,34.4319191,0.12172351,15.20341527,0.00783122,0.00249887,0.26599632,0
../data/raw/pump/id_00/normal/00000722.wav,6.996e-05,0.98871887,8606.28933949,-4.288e-05,10.16624355,3.8163929,0.09831769,44.99346542,0.05331952,17.03789005,0.0083094,0.00082264,0.27394841,0
../data/raw/pump/id_00/normal/00000439.wav,9.496e-05,0.73222351,13713.93539501,-4.771e-05,13.50876808,4.61267328,0.05000749,68.21549988,0.02736639,15.79025164,0.00966267,0.00112418,0.25271835,0
../data/raw/pump/id_00/normal/00000894.wav,8.772e-05,0.6925568,6661.26889791,-4.696e-05,12.43320274,3.25859761,0.10316462,69.91448975,0.05330482,17.13139394,0.00926844,0.00113706,0.25571423,0
../data/raw/pump/id_00/normal/00000504.wav,9.621e-05,0.9483583,7293.01883654,-5.817e-05,11.12336063,3.28791022,0.0708741,39.73339081,0.04875188,15.0433162,0.00976096,0.00071303,0.26354243,0
../data/raw/pump/id_00/normal/00000608.wav,6.789e-05,0.67968583,5565.6149952,-4.296e-05,11.64681625,3.94977498,0.10471995,52.52779007,0.04535618,16.6929902,0.00818791,0.00076977,0.27162066,0
../data/raw/pump/id_00/normal/00001005.wav,9.882e-05,1.17885995,9843.92620325,-5.773e-05,8.66008091,3.22130132,0.07598779,44.883255,0.06875255,14.72577201,0.00989666,0.00071841,0.26498496,0
../data/raw/pump/id_00/normal/00000094.wav,9.494e-05,2.9862721,12434.20747973,-4.488e-05,5.55858898,3.95669365,0.09484512,63.0345726,0.07393874,16.44912887,0.00967639,0.00098586,0.26004393,0
../data/raw/pump/id_00/normal/00000129.wav,0.00010322,1.46055162,15757.29353429,-5.899e-05,11.7574482,3.48267865,0.08443366,37.0687027,0.07403742,15.05067844,0.01011736,0.00069363,0.25825361,0
../data/raw/pump/id_00/normal/00000885.wav,8.89e-05,0.87946141,15812.19863356,-5.055e-05,7.7738409,2.97470236,0.1099756,34.67566681,0.12562552,14.17803534,0.00938747,0.00066111,0.26756275,0
../data/raw/pump/id_00/normal/00000669.wav,8.155e-05,0.67341065,6647.48844078,-4.377e-05,14.62612057,3.3675797,0.10525347,71.30718231,0.04331293,17.28190148,0.00894528,0.0010537,0.27661036,0
../data/raw/pump/id_00/normal/00000185.wav,8.004e-05,0.89222389,11598.82969263,-4.791e-05,12.30819893,3.87361622,0.11714382,50.60350418,0.06443463,16.50773566,0.00890594,0.00063196,0.26194541,0
../data/raw/pump/id_00/normal/00000882.wav,8.077e-05,0.64010394,11221.32861385,-5.337e-05,4.97733068,3.229882,0.14328169,30.0352459,0.08624997,15.67427555,0.00895415,0.00055791,0.27111919,0
../data/raw/pump/id_00/normal/00000563.wav,6.255e-05,0.26976439,16752.59437944,-4.322e-05,10.31652927,3.21633363,0.19892391,29.0485878,0.16815288,14.42085731,0.00776172,0.00144797,0.27335561,0
../data/raw/pump/id_00/normal/00000955.wav,7.567e-05,0.69522434,7224.8055172,-4.584e-05,13.89869118,3.47219372,0.10527843,43.29642868,0.04999132,16.8940832,0.00865685,0.00066479,0.25859961,0
../data/raw/pump/id_00/normal/00000983.wav,6.868e-05,0.45034218,8843.87207661,-4.393e-05,15.58492661,3.82381225,0.10591023,48.54167557,0.06723745,16.43731045,0.00823452,0.00077885,0.26686596,0
../data/raw/pump/id_00/normal/00000466.wav,9.981e-05,4.74805117,7894.60965758,-4.263e-05,15.58504868,3.67401028,0.08867531,68.1678772,0.019909,17.81082014,0.00995246,0.00060447,0.26605136,0
../data/raw/pump/id_00/normal/00000590.wav,9.382e-05,2.40573382,8288.03519215,-4.317e-05,3.817801,3.15997982,0.0798722,69.71844482,0.02635534,17.38693175,0.00962737,0.00084721,0.26530135,0
../data/raw/pump/id_00/normal/00000495.wav,9.528e-05,1.21002316,14213.40465179,-4.913e-05,11.21811867,3.77203369,0.06092284,63.76534653,0.03051077,15.51364582,0.00955878,0.00189549,0.25833045,0
../data/raw/pump/id_00/normal/00000547.wav,9.441e-05,0.6645025,11321.17011752,-4.875e-05,9.07403278,3.29838777,0.06784145,64.25569153,0.03336921,14.85572435,0.00963821,0.00106294,0.2682044,0
../data/raw/pump/id_00/abnormal/00000089.wav,0.00014847,1.31608081,20555.42533673,-7.172e-05,13.69273186,3.95673394,0.09902905,31.15568542,0.0997306,15.00948183,0.01197045,0.00216652,0.22730305,1
../data/raw/pump/id_00/normal/00000623.wav,7.612e-05,1.16537142,6405.88001669,-4.395e-05,10.00965118,3.79980111,0.10519731,51.4735527,0.03918063,17.19060356,0.0086635,0.00086876,0.27041638,0
../data/raw/pump/id_00/abnormal/00000093.wav,0.00015243,1.12622797,17498.87822796,-7.106e-05,10.30939293,3.80645251,0.09650965,35.56551361,0.0646353,14.9058087,0.01199797,0.00279346,0.24260751,1
../data/raw/pump/id_00/normal/00000848.wav,9.746e-05,1.28021491,25575.64453129,-5.236e-05,6.08142281,3.60420799,0.08038701,41.55444336,0.11094566,14.67240394,0.00982661,0.00073281,0.24755175,0
../data/raw/pump/id_00/normal/00000714.wav,8.545e-05,0.57605296,7103.90075166,-4.368e-05,17.28390121,4.82412815,0.09621793,92.89762878,0.05006548,17.0460102,0.00913367,0.00127203,0.26615888,0
../data/raw/pump/id_00/abnormal/00000024.wav,0.00021196,1.5603292,43296.65740775,-7.697e-05,11.05314636,3.63995361,0.10957468,48.99289322,0.0863204,14.72708254,0.01370575,0.00480107,0.25015102,1
../data/raw/pump/id_00/normal/00000382.wav,4.216e-05,0.16451345,11101.18224716,-3.106e-05,12.68803596,3.38202238,0.27809567,22.76166725,0.13971129,15.3577536,0.00645139,0.0006128,0.27527203,0
../data/raw/pump/id_00/normal/00000940.wav,8.773e-05,0.35095558,9899.01287806,-5.291e-05,5.23828411,3.25568795,0.08405614,35.81254959,0.04764335,15.65032076,0.00932327,0.00067972,0.2636135,0
../data/raw/pump/id_00/normal/00000221.wav,8.881e-05,1.29101515,12898.00944142,-4.848e-05,8.79371548,3.71990132,0.07382407,64.63451385,0.03471167,15.53377717,0.00937516,0.00074604,0.25785999,0
../data/raw/pump/id_00/normal/00000027.wav,0.00010116,0.54974908,39878.01062914,-4.849e-05,18.77038956,4.6395402,0.08448982,83.10498047,0.11069842,15.47698254,0.00967167,0.0027037,0.23624944,0
../data/raw/pump/id_00/normal/00000363.wav,8.974e-05,2.97215128,8461.95853558,-4.187e-05,4.15049839,3.49203229,0.08556934,58.90512466,0.04571991,16.54305349,0.00941344,0.00082871,0.26776555,0
../data/raw/pump/id_00/normal/00000738.wav,8.822e-05,0.43300778,5978.75498961,-4.546e-05,9.48971844,3.42702127,0.09158159,74.99121094,0.03808329,17.19295248,0.00930215,0.00115089,0.26970174,0
../data/raw/pump/id_00/abnormal/00000080.wav,0.00011095,3.45202947,5004.94005186,-4.178e-05,5.54285622,2.92052698,0.07013154,100.6210022,0.02888725,17.05118953,0.01039405,0.00157119,0.27903632,1
../data/raw/pump/id_00/abnormal/00000002.wav,0.00014184,0.5048058,20444.85764145,-6.767e-05,13.79573822,4.03269291,0.10663407,35.01987839,0.09765039,14.99884595,0.01167629,0.00223315,0.23446084,1
../data/raw/pump/id_00/normal/00000573.wav,9.739e-05,1.30398583,11587.61459786,-5.648e-05,10.40573978,3.10830283,0.0722469,45.17773056,0.05718368,14.97753878,0.00982543,0.00070535,0.25983874,0
../data/raw/pump/id_00/normal/00000943.wav,7.064e-05,0.7752139,9270.76597926,-4.383e-05,9.30199623,3.62676382,0.11120488,56.53632355,0.05312341,16.73834324,0.00834819,0.00083048,0.26539722,0
../data/raw/pump/id_00/normal/00000399.wav,9.158e-05,0.61030602,154319.21972647,-4.632e-05,12.08864307,3.81405497,0.07200198,69.71169281,0.10892658,15.12177989,0.00951038,0.00075827,0.25491229,0
../data/raw/pump/id_00/normal/00000342.wav,8.88e-05,1.04048789,16583.42368046,-4.883e-05,11.74923706,3.75580215,0.07501591,53.43398666,0.03306089,15.75874399,0.00937415,0.0007865,0.26154073,0
../data/raw/pump/id_00/normal/00000350.wav,9.746e-05,1.02961266,8741.22431641,-5.646e-05,9.57103348,3.08090901,0.07524211,51.82423019,0.04235554,14.78556435,0.00982696,0.00074271,0.26909075,0
../data/raw/pump/id_00/normal/00000817.wav,0.00010484,1.52490664,18854.73209395,-5.866e-05,7.77447605,3.16118336,0.07751348,46.05685043,0.07280442,15.14661961,0.01019562,0.00066573,0.24464416,0
../data/raw/pump/id_00/normal/00000701.wav,9.215e-05,1.08802545,13702.32215629,-4.922e-05,17.40825272,4.19816208,0.06171844,66.90141296,0.02641643,15.92433626,0.00953718,0.00088382,0.26253872,0
../data/raw/pump/id_00/normal/00000912.wav,9.931e-05,0.90065128,10412.9527298,-5.807e-05,11.83637047,3.41295314,0.07351675,38.10044098,0.03772613,14.90647833,0.00992045,0.00072611,0.25443626,0
../data/raw/pump/id_00/normal/00000505.wav,9.894e-05,2.95524693,21483.93365777,-4.764e-05,14.432374,4.89364624,0.05125081,62.55495071,0.03450443,15.90007724,0.00990453,0.00066205,0.23561424,0
../data/raw/pump/id_00/normal/00000622.wav,8.297e-05,0.89245498,7170.73659095,-4.485e-05,17.283741,3.74726868,0.10071542,63.43545914,0.05190432,17.42640868,0.00904324,0.00094768,0.26806972,0
../data/raw/pump/id_00/normal/00000361.wav,8.774e-05,0.61679965,8002.87585507,-4.572e-05,13.32937145,3.37812805,0.10631427,59.7181778,0.05787387,16.64329873,0.00928411,0.00106554,0.26658482,0
../data/raw/pump/id_00/normal/00000974.wav,3.974e-05,0.12785505,27478.1711215,-2.428e-05,15.1763916,4.90950489,0.31524405,31.33374977,0.20988242,16.62838306,0.00600487,0.00188632,0.2658017,0
../data/raw/pump/id_00/normal/00000279.wav,8.792e-05,0.56558597,9427.64805212,-5.043e-05,6.59943295,3.22834229,0.08275197,60.99760437,0.03891771,14.96844319,0.00932891,0.0007894,0.26841603,0
../data/raw/pump/id_00/normal/00000684.wav,9.263e-05,0.60064369,7518.62456126,-5.279e-05,7.48143196,3.67593455,0.07779272,44.30423737,0.04211972,15.15798647,0.00956844,0.00081023,0.27029419,0
../data/raw/pump/id_00/normal/00000199.wav,0.00010288,0.73647666,21745.13733948,-6.026e-05,12.7729454,4.03941059,0.09937069,47.85429764,0.07648439,14.29585514,0.01006358,0.00110787,0.26456026,0
../data/raw/pump/id_00/normal/00000028.wav,0.00010415,0.96286446,21756.99090833,-5.857e-05,12.81877995,4.28366041,0.08120601,41.0479393,0.06240693,14.83105228,0.01015725,0.00079154,0.25769971,0
../data/raw/pump/id_00/normal/00000235.wav,4.763e-05,0.18114285,136838.15225369,-3.494e-05,9.80365562,3.89158082,0.23984437,34.30644608,0.28785706,15.41951721,0.00672214,0.0014836,0.27358123,0
../data/raw/pump/id_00/abnormal/00000062.wav,0.00023606,0.31367174,14303.93426655,-9.38e-05,6.61674881,3.69896126,0.12775341,29.22292709,0.06299993,15.89950782,0.01512842,0.00246695,0.27163038,1
../data/raw/pump/id_00/normal/00000411.wav,0.00010922,3.62140965,7818.20135581,-4.303e-05,10.42737579,3.79387569,0.07399723,82.0989151,0.03167904,17.11772987,0.01036718,0.00112282,0.26094082,0
../data/raw/pump/id_00/normal/00000636.wav,9.925e-05,1.1407994,6837.96381908,-5.745e-05,12.12208366,3.41636086,0.06828449,49.47836685,0.0266799,15.10564758,0.00991594,0.00069772,0.26349982,0
../data/raw/pump/id_00/normal/00000072.wav,8.384e-05,0.68113083,9714.79713897,-4.867e-05,17.7384758,3.62954688,0.11938399,55.32892227,0.08237895,16.65596746,0.00909603,0.00087073,0.26877267,0
../data/raw/pump/id_00/normal/00000238.wav,9.507e-05,1.31135869,10918.44017365,-5.579e-05,6.12604856,2.87870622,0.07880828,44.61365891,0.05073852,14.95205603,0.00971227,0.00060063,0.25758942,0
../data/raw/pump/id_00/normal/00000318.wav,9.572e-05,1.30425537,8198.36462022,-5.646e-05,8.44850254,3.2389009,0.07998452,45.72730637,0.04714282,14.9703573,0.00973712,0.00074695,0.26844206,0
../data/raw/pump/id_00/abnormal/00000139.wav,0.00011255,0.70262665,8894.7622695,-5.493e-05,3.03105497,5.12760115,0.16186601,44.67580414,0.048678,16.61874498,0.01056542,0.00068992,0.27303238,1
../data/raw/pump/id_00/normal/00000906.wav,8.895e-05,0.92693138,11147.40498818,-5.533e-05,10.42303181,3.7031672,0.08258037,46.39801407,0.03591084,15.16698449,0.00930977,0.00141763,0.24878396,0
../data/raw/pump/id_00/normal/00000965.wav,9.073e-05,0.42439264,8153.34658519,-5.716e-05,13.71961975,2.93777013,0.11405345,32.45038605,0.10952434,15.10632317,0.00941614,0.00131612,0.27357092,0
../data/raw/pump/id_00/normal/00000703.wav,9.5e-05,1.00677991,7228.21620579,-5.781e-05,9.59387875,3.21980906,0.07992992,41.48696518,0.03956228,14.89752598,0.00969882,0.00075462,0.26293165,0
../data/raw/pump/id_00/normal/00000405.wav,7.323e-05,0.75574225,6497.23051846,-4.506e-05,14.74241447,3.83724999,0.10532211,36.90883255,0.03886349,17.00165939,0.00851272,0.00069445,0.27253329,0
../data/raw/pump/id_00/abnormal/00000017.wav,0.00026957,2.91765738,20773.10540441,-8.646e-05,8.87736511,3.40599966,0.07995176,64.59064484,0.03903516,15.36608376,0.01554845,0.00517951,0.25146134,1
../data/raw/pump/id_00/normal/00000520.wav,0.00010361,0.83327186,12046.55241938,-5.513e-05,12.15483379,3.36598063,0.06317548,54.10432434,0.03017215,15.17335523,0.01008877,0.00121237,0.25997348,0
../data/raw/pump/id_00/normal/00000801.wav,8.336e-05,1.07250035,21739.2620577,-3.877e-05,13.01605606,3.80775928,0.09240216,90.7703476,0.08725139,15.74631695,0.00872002,0.00264509,0.27639999,0
../data/raw/pump/id_00/normal/00000997.wav,9.211e-05,0.45713058,12620.22087344,-5.233e-05,6.24947548,3.36870265,0.07028442,48.47357178,0.0352995,15.11749076,0.00954704,0.00070616,0.26082851,0
../data/raw/pump/id_00/normal/00000692.wav,8.956e-05,0.78222162,6511.54967658,-5.159e-05,6.79746628,3.1206212,0.08040729,44.31287384,0.02716182,15.11841432,0.00942052,0.00069376,0.26549014,0
../data/raw/pump/id_00/normal/00000796.wav,9.171e-05,1.30954289,9297.51546723,-5.117e-05,5.45945263,3.32285452,0.06489305,61.05862808,0.03321049,15.25415736,0.00952983,0.00073338,0.2641829,0
../data/raw/pump/id_00/abnormal/00000128.wav,8.692e-05,0.92854053,1442.58581578,-5.407e-05,7.07233143,3.77879643,0.07324531,45.09972382,0.00618505,16.2011555,0.00927687,0.0007066,0.28014451,1
../data/raw/pump/id_00/normal/00000659.wav,9.558e-05,0.77469242,7369.1082118,-4.674e-05,7.94202328,3.39896131,0.09905245,68.96138,0.0576799,17.25181351,0.00968135,0.00119888,0.26322003,0
../data/raw/pump/id_00/normal/00000128.wav,0.00011286,3.53863692,16136.56151239,-5.441e-05,15.3852272,4.07100964,0.06921738,60.8332901,0.05292205,15.17721242,0.01057551,0.00074188,0.25245467,0
../data/raw/pump/id_00/normal/00000035.wav,0.00010377,1.05550551,16605.00642967,-5.926e-05,10.06661224,3.42601466,0.08535874,37.859272,0.0766208,15.08285862,0.01014377,0.00071016,0.26139695,0
../data/raw/pump/id_00/normal/00000100.wav,0.00010639,0.8074109,15408.0308727,-6.11e-05,14.65093136,3.74045849,0.08848655,40.71076965,0.05393839,14.62020359,0.01026987,0.00068958,0.26114608,0
../data/raw/pump/id_00/normal/00000097.wav,0.00010419,1.32561696,11938.31573892,-5.917e-05,14.52111816,3.81084394,0.08762854,37.03204727,0.05618924,14.88904448,0.01016918,0.0005928,0.25616355,0
../data/raw/pump/id_00/normal/00000657.wav,8.821e-05,0.33991244,25351.26080442,-5.221e-05,11.51190567,3.0756495,0.12523556,55.94288635,0.11469379,14.69700143,0.00926135,0.00145382,0.27658622,0
../data/raw/pump/id_00/normal/00000908.wav,8.815e-05,0.99453288,7040.65006304,-4.593e-05,8.14953804,3.47918248,0.1028261,65.88175964,0.04492283,16.81900365,0.00931095,0.00105758,0.26456943,0
../data/raw/pump/id_00/abnormal/00000091.wav,0.0001647,0.95693886,19258.77012281,-7.258e-05,12.27428055,3.0831809,0.10616295,53.53787231,0.09561101,14.79653052,0.01230046,0.00348369,0.24449634,1
../data/raw/pump/id_00/abnormal/00000075.wav,0.00016202,1.15204871,34155.63670382,-6.6e-05,11.98381805,4.1891923,0.11692698,46.60865402,0.10489476,16.48593564,0.01223356,0.00339716,0.2317431,1
../data/raw/pump/id_00/normal/00000043.wav,9.862e-05,0.61910897,27383.8919963,-5.966e-05,15.05191231,4.18916655,0.09509472,37.2309761,0.08678965,14.67878608,0.00983941,0.00122105,0.23339354,0
../data/raw/pump/id_00/normal/00000500.wav,9.358e-05,1.76812899,13078.22379629,-4.778e-05,7.73825788,3.35912061,0.08047749,59.41117477,0.07178554,14.43793186,0.00961025,0.00094646,0.26020737,0
../data/raw/pump/id_00/normal/00000166.wav,0.00010375,2.64609694,18843.08288477,-5.001e-05,15.57634068,4.90305233,0.06823769,48.8890152,0.04958541,15.91050648,0.01015047,0.00063106,0.25003498,0
../data/raw/pump/id_00/normal/00000903.wav,9.057e-05,0.57873881,14539.11754432,-5.308e-05,4.50785446,3.40839243,0.08551006,36.79006958,0.04804926,15.72270641,0.00946925,0.00070871,0.25156541,0
../data/raw/pump/id_00/normal/00000693.wav,7.559e-05,0.75357985,8350.46382543,-4.409e-05,10.17812157,3.47695971,0.10229102,60.15109253,0.04294456,16.92774759,0.00863784,0.00079004,0.26953476,0
../data/raw/pump/id_00/normal/00000873.wav,6.236e-05,0.90113282,115958.34031883,-3.217e-05,5.46273708,5.30361891,0.2192414,55.60129929,0.17396502,16.92091079,0.00757104,0.00219668,0.26122646,0
../data/raw/pump/id_00/normal/00000108.wav,8.171e-05,0.1956142,22425.39170609,-5.591e-05,11.71514797,3.44008613,0.16114841,24.98741722,0.13519309,14.37902794,0.00884891,0.00175378,0.2667803,0
../data/raw/pump/id_00/abnormal/00000047.wav,0.00027674,1.58020425,16308.59149361,-9.396e-05,8.86822224,3.73421288,0.08737426,51.68762207,0.05863862,15.07050882,0.01597343,0.00450856,0.2634656,1
../data/raw/pump/id_00/normal/00000233.wav,9.16e-05,0.99781102,18431.52368248,-4.746e-05,9.89704323,3.56927681,0.07159326,70.51833344,0.05432654,15.70343041,0.00950038,0.00095744,0.25883992,0
../data/raw/pump/id_00/normal/00000148.wav,7.459e-05,0.64569718,12941.19504915,-4.627e-05,17.66360092,4.1859293,0.11976307,44.77808762,0.07278831,16.68635772,0.00858333,0.00079039,0.2439752,0
../data/raw/pump/id_00/normal/00000731.wav,9.844e-05,1.12592256,6628.91316337,-4.453e-05,5.46549559,2.99478102,0.09835981,79.37163544,0.04575663,17.1971976,0.00979206,0.00148542,0.26764441,0
../data/raw/pump/id_00/normal/00000223.wav,9.003e-05,0.92555583,16790.69669841,-4.714e-05,11.22949982,3.51183915,0.06564809,60.72937393,0.03359228,15.1695344,0.00942444,0.00089039,0.26918219,0
../data/raw/pump/id_00/normal/00000581.wav,7.552e-05,0.86656785,5368.17608223,-4.572e-05,9.89881516,3.25728083,0.1010711,44.07458496,0.03521118,16.95525946,0.00864908,0.00059846,0.27737554,0
../data/raw/pump/id_00/normal/00000849.wav,6.769e-05,0.21560408,10891.98924236,-4.926e-05,7.25025654,3.12812233,0.17460033,17.0355854,0.13046467,14.40168679,0.00809515,0.00135638,0.26725074,0
../data/raw/pump/id_00/normal/00000551.wav,8.033e-05,0.32614848,12819.88632815,-5.898e-05,11.43026543,4.04114056,0.12562556,27.56673431,0.05888867,15.44301763,0.00889466,0.0009644,0.26395712,0
../data/raw/pump/id_00/normal/00000806.wav,9.886e-05,0.93186164,3375.46677845,-5.851e-05,9.63484573,2.90658975,0.07328587,38.36875153,0.02131435,14.97803179,0.00990198,0.00063348,0.26435821,0
../data/raw/pump/id_00/normal/00000699.wav,9.789e-05,0.90679806,4967.06572032,-5.833e-05,7.55222416,3.08695245,0.07586455,37.86496735,0.03700085,14.76535758,0.00985357,0.00068847,0.27020923,0
../data/raw/pump/id_00/normal/00000522.wav,9.668e-05,0.50076813,17512.70793317,-4.82e-05,15.09177017,4.76264763,0.06108508,71.25062561,0.03184341,15.6547218,0.0095558,0.00225191,0.25467236,0
../data/raw/pump/id_00/normal/00000421.wav,7.913e-05,0.80525631,5392.23449245,-4.513e-05,18.17118073,3.66643095,0.09817729,49.89782333,0.03564466,16.81532309,0.00885167,0.00067125,0.26532247,0
../data/raw/pump/id_00/normal/00000782.wav,8.755e-05,1.03924048,13458.38454138,-4.994e-05,7.8423872,3.19438434,0.10732827,37.10399628,0.08811458,14.31472893,0.00931894,0.00063662,0.26934533,0
../data/raw/pump/id_00/normal/00000297.wav,7.486e-05,0.60045546,7972.60097861,-4.381e-05,21.33131027,3.82628274,0.1087276,46.02848816,0.04314902,17.10313264,0.00860451,0.00072067,0.27074292,0
../data/raw/pump/id_00/normal/00000994.wav,7.988e-05,0.98981661,13269.66214063,-4.578e-05,10.30644703,3.89865923,0.09807121,47.87908936,0.07496475,16.56032821,0.00889255,0.00071269,0.26053078,0
../data/raw/pump/id_00/normal/00000131.wav,8.781e-05,1.85106814,14391.97837789,-4.632e-05,10.66296196,3.96928406,0.10905364,55.91058731,0.0619429,16.77170111,0.0093153,0.00079168,0.26127869,0
../data/raw/pump/id_00/normal/00000897.wav,9.779e-05,1.18725824,9070.10173087,-5.779e-05,8.78595161,3.14158821,0.07969124,39.87124634,0.03895934,14.7617991,0.00984835,0.000641,0.2690651,0
../data/raw/pump/id_00/normal/00000878.wav,9.207e-05,1.12512338,22062.93768029,-4.742e-05,14.00359344,4.35229874,0.06809729,104.69033051,0.05814354,15.57341173,0.00936489,0.0020004,0.24635505,0
../data/raw/pump/id_00/normal/00000360.wav,7.521e-05,0.75485003,11100.70558168,-4.049e-05,13.21518421,3.75586867,0.10479483,64.7305069,0.05727867,17.25424975,0.00856829,0.00114726,0.2633106,0
../data/raw/pump/id_00/normal/00000616.wav,8.423e-05,2.36142063,12625.83505406,-3.92e-05,13.15919209,4.65655947,0.10935472,67.89477539,0.11807522,17.09810774,0.0090614,0.00135121,0.27301176,0
../data/raw/pump/id_00/normal/00000172.wav,7.49e-05,0.70277733,13252.42377972,-4.604e-05,13.07551384,3.60360646,0.12085819,47.87137985,0.09656167,16.56956205,0.00860685,0.00073884,0.24344696,0
../data/raw/pump/id_00/normal/00000451.wav,9.558e-05,2.04728818,12974.61300875,-4.894e-05,10.86436653,3.77334404,0.05808831,51.08654404,0.0385984,15.91093723,0.00973262,0.00067375,0.24940735,0
../data/raw/pump/id_00/normal/00000899.wav,9.745e-05,1.18521392,13630.45723883,-5.735e-05,10.9005394,3.50381875,0.07422967,45.37400055,0.05246042,14.75598214,0.00982537,0.00075554,0.2581647,0
../data/raw/pump/id_00/normal/00000850.wav,9.509e-05,0.63144469,10836.46563886,-5.285e-05,7.72275019,3.76678967,0.06952782,50.35656357,0.03434904,15.04117943,0.00969072,0.00088439,0.2511322,0
../data/raw/pump/id_00/normal/00000508.wav,0.00010781,0.93488473,51811.38100176,-4.739e-05,10.24160957,4.00971079,0.07433107,99.94387054,0.06849612,15.65027334,0.00957102,0.0039945,0.25725582,0
../data/raw/pump/id_00/abnormal/00000003.wav,0.00026054,0.46891502,13297.26113484,-9.098e-05,5.87702513,3.63268971,0.08573158,50.16333008,0.05699797,15.39986509,0.01549562,0.00442212,0.25759189,1
../data/raw/pump/id_00/abnormal/00000028.wav,7.97e-05,0.2269185,39094.53860017,-5.275e-05,13.46273232,4.48639679,0.1724912,41.35243607,0.15328744,14.74253482,0.00866199,0.00208967,0.26602544,1
../data/raw/pump/id_00/normal/00000090.wav,0.00011261,1.12256491,60808.82744136,-5.159e-05,14.24205494,4.18882799,0.08704198,95.29108429,0.11238326,15.69964217,0.01008307,0.00323001,0.24391735,0
../data/raw/pump/id_00/normal/00000096.wav,8.947e-05,2.21989369,14749.31455199,-4.774e-05,12.21770763,3.8603704,0.11172749,45.40592575,0.06870899,16.6985541,0.00939301,0.00094614,0.254894,0
../data/raw/pump/id_00/normal/00000192.wav,9.591e-05,1.10634446,12324.41834972,-5.105e-05,9.36275673,3.57685328,0.09902905,54.09828568,0.07342914,14.43013676,0.00973448,0.00088241,0.26208596,0
../data/raw/pump/id_00/normal/00000184.wav,8.715e-05,0.26103467,16878.84754779,-5.703e-05,8.44355392,3.43947244,0.13101226,33.71205139,0.14337333,14.83706023,0.00892819,0.00267531,0.26058666,0
../data/raw/pump/id_00/normal/00000048.wav,9.323e-05,0.66043574,17017.51014274,-4.858e-05,8.27514935,4.15946054,0.11072752,67.11698151,0.08182044,16.58566637,0.00955831,0.00123474,0.25692593,0
../data/raw/pump/id_00/normal/00000715.wav,9.958e-05,1.31596303,8028.85339357,-5.707e-05,11.44536114,3.39934683,0.06797405,49.38763809,0.03780971,15.31256701,0.00993772,0.00068434,0.26194228,0
../data/raw/pump/id_00/normal/00000139.wav,9.503e-05,0.83971608,11484.07920625,-4.853e-05,18.04764557,4.07926512,0.11226881,59.85453796,0.07451592,16.83921069,0.00967899,0.00099838,0.2484988,0
../data/raw/pump/id_00/normal/00000268.wav,8.7e-05,0.55290693,14172.75619561,-5.137e-05,7.48269081,3.68483758,0.08678302,36.62763596,0.05407513,15.57175598,0.00928775,0.00061967,0.26502293,0
../data/raw/pump/id_00/normal/00000631.wav,7.605e-05,1.60679054,6392.48157839,-3.998e-05,12.65632057,4.7693119,0.11861958,69.42909241,0.06657986,16.92499021,0.00860398,0.00131745,0.27728444,0
../data/raw/pump/id_00/normal/00000941.wav,8.044e-05,0.76652992,13770.30051925,-4.608e-05,5.94389963,3.76224661,0.1007279,52.28205109,0.06235601,16.40736704,0.00890251,0.00094369,0.25857665,0
../data/raw/pump/id_00/normal/00000273.wav,6.834e-05,0.67843503,8427.59792316,-4.094e-05,18.00617218,3.61747408,0.126872,60.09790802,0.09560847,16.62736443,0.00820948,0.00079325,0.27352395,0
../data/raw/pump/id_00/abnormal/00000000.wav,0.00015469,1.24126184,19939.02772118,-7.186e-05,11.84264851,3.91473508,0.10046582,38.85012054,0.09398874,14.87525521,0.0121374,0.00260239,0.2515599,1
../data/raw/pump/id_00/normal/00000280.wav,9.682e-05,1.46140432,11974.34420559,-5.53e-05,8.34835434,2.95111847,0.07453387,53.18035889,0.05234707,15.11863341,0.00979567,0.0006892,0.2703495,0
../data/raw/pump/id_00/abnormal/00000074.wav,9.823e-05,0.8486641,5246.47834832,-5.734e-05,11.0663929,2.69582677,0.07092714,49.98715973,0.02660846,15.63552444,0.00986239,0.00077138,0.2753713,1
../data/raw/pump/id_00/normal/00000000.wav,5.921e-05,0.23343858,14669.44485281,-4.075e-05,13.73641586,3.73588705,0.23829217,17.67508888,0.14022128,14.95075848,0.00766678,0.00044141,0.27323094,0
../data/raw/pump/id_00/normal/00000861.wav,8.656e-05,0.69503158,9095.15947006,-4.366e-05,7.33427811,3.2347343,0.09406668,56.34598923,0.0676709,15.59161882,0.0092183,0.00110321,0.26217211,0
../data/raw/pump/id_00/abnormal/00000036.wav,0.00011283,0.74508184,19895.89767324,-5.89e-05,8.63653183,4.06423616,0.10202738,68.80329132,0.07345468,15.61164957,0.01051875,0.00130131,0.26085743,1
../data/raw/pump/id_00/abnormal/00000005.wav,0.00020335,0.78607595,28076.4077423,-8.432e-05,10.34781742,3.31311774,0.12443528,48.30385971,0.10500216,14.84908639,0.0138713,0.00319814,0.27011636,1
../data/raw/pump/id_00/normal/00000159.wav,0.00010387,1.08317387,26541.56433101,-5.132e-05,14.12278938,4.53679705,0.06962766,62.49707794,0.06209065,15.05590553,0.01009918,0.00124445,0.24102253,0
../data/raw/pump/id_00/normal/00000142.wav,7.114e-05,0.31708705,9214.22270703,-4.208e-05,11.69994736,4.7319603,0.16682839,54.62431335,0.10029246,15.91417872,0.00836245,0.00093989,0.27000579,0
../data/raw/pump/id_00/normal/00000030.wav,0.0001055,1.47440898,14496.48841812,-5.966e-05,9.58213806,3.74037313,0.08598118,48.51253891,0.06507204,14.9773325,0.01022639,0.00069539,0.26065367,0
../data/raw/pump/id_00/normal/00000135.wav,0.00010105,2.46809483,19483.49754873,-5.019e-05,13.34486103,4.93900394,0.07102386,45.16039276,0.04899791,15.9326897,0.0100115,0.00066186,0.24402536,0
../data/raw/pump/id_00/normal/00000596.wav,9.658e-05,0.55666226,17206.89239908,-4.71e-05,11.67926216,4.12065029,0.05335682,78.40447998,0.02895814,15.57535289,0.00955846,0.00209679,0.2489008,0
../data/raw/pump/id_00/normal/00000383.wav,7.676e-05,1.45331693,9912.68128652,-4.402e-05,11.2370863,3.84136772,0.11227505,48.40137482,0.05673881,16.94612636,0.00869143,0.00095301,0.26008954,0
../data/raw/pump/id_00/normal/00000917.wav,9.834e-05,1.35247624,9083.61346372,-5.737e-05,10.45675755,3.03568602,0.07754156,41.80326843,0.066725,14.88537478,0.00987555,0.00066267,0.26451055,0
../data/raw/pump/id_00/normal/00000293.wav,9.769e-05,1.51971483,28639.07866055,-4.693e-05,9.83561707,4.27813578,0.05459234,78.76023865,0.04305942,15.13290811,0.00981425,0.00099782,0.23488166,0
../data/raw/pump/id_00/normal/00000480.wav,7.521e-05,0.68763608,4600.1242496,-4.547e-05,12.97220993,3.58375406,0.1025765,45.42446518,0.03261821,17.04509899,0.00863166,0.00065838,0.26730239,0
../data/raw/pump/id_00/normal/00000489.wav,9.5e-05,0.42424053,6927.3262143,-5.305e-05,6.24633884,3.59294057,0.0701409,48.98085022,0.02252897,15.41279148,0.00969389,0.0008184,0.26724162,0
../data/raw/pump/id_00/normal/00000323.wav,9.474e-05,0.60988277,10867.49865813,-5.693e-05,8.43385315,3.37604666,0.07568047,35.99073029,0.04443431,15.0212406,0.00969059,0.00065153,0.26666807,0
../data/raw/pump/id_00/normal/00000597.wav,9.12e-05,2.50942564,6092.21532779,-4.418e-05,3.00652146,3.30874109,0.08231829,56.08055878,0.03346514,16.63006693,0.00949382,0.00082564,0.27362254,0
../data/raw/pump/id_00/normal/00000484.wav,5.612e-05,0.38529789,18394.51907013,-3.935e-05,11.28025818,4.39296627,0.22314765,31.50554848,0.16612369,15.37936907,0.00742242,0.00087226,0.27370694,0
../data/raw/pump/id_00/normal/00000037.wav,0.0001017,1.55033219,12503.38765013,-5.892e-05,17.03104401,3.81765962,0.08886251,45.01257706,0.05464303,14.91433262,0.01003484,0.00074583,0.25542283,0
../data/raw/pump/id_00/normal/00000136.wav,0.00010796,0.72323,18961.35589221,-5.812e-05,11.02476311,3.89894629,0.07568203,59.19294357,0.0406788,14.86495109,0.01033712,0.0008515,0.25384088,0
../data/raw/pump/id_00/normal/00000739.wav,9.844e-05,1.51356268,5920.85097994,-5.764e-05,10.98469925,3.44489932,0.06777281,53.33044434,0.0225905,15.04599529,0.00987557,0.00068568,0.27226905,0
../data/raw/pump/id_00/abnormal/00000111.wav,6.856e-05,0.82911414,9418.78733823,-4.039e-05,18.2960434,3.75232792,0.10230038,57.26073456,0.07525598,17.23094441,0.00821647,0.00088456,0.26379031,1
../data/raw/pump/id_00/normal/00000009.wav,0.00010352,1.82687509,11574.57338778,-5.8e-05,13.54936218,3.6549871,0.08478934,48.58774948,0.04694143,15.05001673,0.01013091,0.00069762,0.25960506,0
../data/raw/pump/id_00/normal/00000589.wav,8.844e-05,0.62426621,6721.1459356,-4.498e-05,15.28513336,3.74838424,0.09461268,74.50559998,0.05760052,16.55171389,0.00930741,0.00121116,0.27115326,0
../data/raw/pump/id_00/abnormal/00000064.wav,0.00024516,0.58358938,48844.72282062,-8.519e-05,5.48785734,3.7408421,0.15309255,33.23538971,0.09191722,16.84794965,0.01533022,0.00304087,0.26689335,1
../data/raw/pump/id_00/normal/00000879.wav,0.00010053,0.64474243,9163.63194411,-5.937e-05,10.76574516,3.40857744,0.07670696,37.27025986,0.04552137,14.6899278,0.0099797,0.00076439,0.25210628,0
../data/raw/pump/id_00/normal/00000481.wav,9.895e-05,1.509691,6191.44334758,-5.671e-05,9.98931503,3.12898159,0.0721923,44.35148621,0.02591441,15.35949728,0.0098995,0.00074963,0.2646966,0
../data/raw/pump/id_00/normal/00000601.wav,7.591e-05,0.50945926,7620.93110739,-4.495e-05,15.05643272,3.36521745,0.11026576,57.25930786,0.07526994,16.78843542,0.00864656,0.00089783,0.26725379,0
../data/raw/pump/id_00/normal/00000492.wav,6.943e-05,0.79208893,7819.3366909,-4.351e-05,18.78722382,3.68865776,0.10361235,41.43719864,0.03686911,16.85919129,0.00828369,0.00069352,0.27245084,0
../data/raw/pump/id_00/normal/00000961.wav,9.869e-05,1.26805246,11800.57239657,-5.818e-05,9.66656113,3.31690741,0.0721143,41.06354904,0.04092505,14.77900316,0.00988937,0.00069799,0.26517131,0
../data/raw/pump/id_00/normal/00000635.wav,9.734e-05,1.13748014,6312.71556679,-5.664e-05,14.2954731,3.38539553,0.06633761,48.60600662,0.02441673,15.20131787,0.00981808,0.00075053,0.27308962,0
../data/raw/pump/id_00/normal/00000372.wav,5.563e-05,0.91629183,12400.87881929,-3.789e-05,14.77733231,3.57193375,0.11096308,54.40171051,0.05976946,16.91483967,0.0074036,0.00077414,0.26662235,0
../data/raw/pump/id_00/abnormal/00000012.wav,0.00020724,0.77199119,41543.03661894,-7.521e-05,17.38610077,4.41303539,0.11144357,53.26679611,0.09898328,16.0189457,0.01362493,0.00457159,0.23609725,1
../data/raw/pump/id_00/normal/00000305.wav,8.057e-05,0.86471367,8359.45104452,-4.294e-05,13.65118599,3.27536392,0.10445631,82.18134308,0.05513945,17.26611643,0.00890216,0.00102263,0.26853494,0
../data/raw/pump/id_00/normal/00000178.wav,0.00010267,0.98971063,16681.72440624,-5.88e-05,14.45797539,3.89346099,0.08198913,46.26224136,0.06586123,14.88645432,0.01009217,0.00066304,0.25314337,0
../data/raw/pump/id_00/normal/00000416.wav,9.854e-05,2.90536642,17225.86177385,-4.732e-05,12.9533987,4.43293571,0.05633018,54.96435165,0.02599393,16.0252515,0.00988214,0.00065554,0.25245178,0
../data/raw/pump/id_00/normal/00000779.wav,8.681e-05,0.56199521,39037.88601034,-5.425e-05,9.12396049,4.08010817,0.08749282,39.6228714,0.15446876,14.95712861,0.0089651,0.00248626,0.21114414,0
../data/raw/pump/id_00/normal/00000420.wav,9.235e-05,1.72683311,12492.65002489,-4.775e-05,10.77776814,3.30936623,0.09120251,63.1565361,0.06996635,14.35170504,0.00953416,0.00104053,0.27127872,0
../data/raw/pump/id_00/abnormal/00000016.wav,0.00021104,1.25324655,19785.85270517,-7.836e-05,14.22559357,3.95645285,0.09233352,56.08564758,0.05343255,15.02006221,0.01389312,0.00410367,0.25708328,1
../data/raw/pump/id_00/normal/00000960.wav,7.015e-05,0.36529431,8190.10483783,-4.359e-05,10.0116787,3.18351221,0.20040435,35.31687164,0.20875725,14.47726237,0.00831467,0.00086289,0.2743968,0
../data/raw/pump/id_00/normal/00000053.wav,9.216e-05,1.35836565,8990.50162093,-4.619e-05,5.57034969,3.69349408,0.11907822,60.55689621,0.08424712,16.43569304,0.00950115,0.00123536,0.2657763,0
../data/raw/pump/id_00/normal/00000307.wav,9.651e-05,1.28614497,11018.94927162,-5.562e-05,7.88765717,3.34890127,0.07696748,40.88837433,0.05857988,15.20128083,0.00978525,0.00063642,0.26661448,0
../data/raw/pump/id_00/abnormal/00000052.wav,0.00024415,1.20331454,21335.29392696,-9.307e-05,8.65245247,4.30152035,0.1106152,36.89426422,0.06907437,15.40030673,0.01520849,0.0034469,0.26779525,1
../data/raw/pump/id_00/normal/00000671.wav,9.548e-05,1.2016958,6169.04636688,-4.449e-05,7.10975122,3.27054572,0.09704629,91.56726837,0.04735225,17.19203422,0.0096239,0.00158305,0.26673651,0
../data/raw/pump/id_00/normal/00000927.wav,8.443e-05,0.89053953,8022.20657122,-4.655e-05,15.53413391,3.53359699,0.09738481,64.3871994,0.04805406,16.92527225,0.00912064,0.0009756,0.26193704,0
../data/raw/pump/id_00/abnormal/00000142.wav,6.347e-05,0.38014084,36270.15389796,-4.998e-05,15.95109558,4.89451647,0.17641149,32.72786331,0.1245622,15.45231039,0.00787819,0.00106678,0.28157981,1
../data/raw/pump/id_00/abnormal/00000141.wav,0.00010063,1.61390901,13875.60829259,-5.878e-05,16.20000267,4.59397364,0.08764726,46.37725449,0.03600512,15.18706747,0.00999405,0.00067026,0.27551396,1
../data/raw/pump/id_00/normal/00000491.wav,9.732e-05,1.2391628,7391.28981808,-5.716e-05,12.63811302,3.45577574,0.07415167,42.77706909,0.04179813,15.02546255,0.00982172,0.00065393,0.26670148,0
../data/raw/pump/id_00/normal/00000137.wav,8.884e-05,0.36030075,8108.35774925,-5.956e-05,8.90039444,2.80044675,0.13844567,22.86143303,0.07456173,14.45411198,0.00938187,0.00068509,0.26013587,0
../data/raw/pump/id_00/normal/00000179.wav,0.00010255,1.13655579,13742.81472538,-5.917e-05,12.99455929,3.87824535,0.08492662,42.76450729,0.05756383,14.86924479,0.01008642,0.00065781,0.25334535,0
../data/raw/pump/id_00/normal/00000230.wav,6.547e-05,0.21131963,25153.62502123,-4.757e-05,6.53179121,4.65585709,0.19075729,25.87854004,0.15959764,15.5588897,0.00790417,0.00163592,0.2798786,0
../data/raw/pump/id_00/normal/00000463.wav,8.779e-05,0.99346262,6919.39112063,-5.153e-05,8.04728699,3.4054718,0.08875487,34.25430679,0.02901238,16.06729943,0.00933005,0.00062749,0.26710984,0
../data/raw/pump/id_00/normal/00000454.wav,7.592e-05,0.45602512,33696.74747403,-4.775e-05,-0.27109003,3.34251904,0.15689272,36.19304276,0.14342207,15.93163212,0.00861735,0.00116538,0.27269681,0
../data/raw/pump/id_00/normal/00000032.wav,5.839e-05,1.2565124,21024.10205899,-4.026e-05,13.04990578,4.14425087,0.12260071,44.94047546,0.09978041,16.63053802,0.00759057,0.0007191,0.25551883,0
../data/raw/pump/id_00/normal/00000038.wav,7.9e-05,0.59541839,11607.17510279,-4.651e-05,18.51669693,3.54183817,0.12391112,51.63578033,0.09310851,16.52525073,0.00882533,0.00087859,0.26146676,0
../data/raw/pump/id_00/normal/00000034.wav,7.29e-05,0.15284941,26223.6790866,-5.129e-05,3.73280859,3.21809459,0.19083841,18.36418533,0.17569354,14.76353954,0.00842074,0.00131813,0.26880639,0
../data/raw/pump/id_00/normal/00000698.wav,6.79e-05,1.32710576,7186.66711529,-4.086e-05,10.82070446,3.56171751,0.09826153,54.44232941,0.04055592,17.11302716,0.00817445,0.00088193,0.26656112,0
../data/raw/pump/id_00/normal/00000479.wav,9.091e-05,0.54861778,7832.48907018,-5.199e-05,8.73663902,3.61771894,0.07944164,52.85836029,0.03244769,15.05650369,0.00949424,0.00067038,0.27139938,0
../data/raw/pump/id_00/normal/00000607.wav,9.735e-05,1.38621283,5947.38051131,-5.743e-05,8.83124065,3.40466785,0.07498939,43.65244675,0.04340086,14.80421,0.00982666,0.00063707,0.267421,0
../data/raw/pump/id_00/normal/00000298.wav,5.535e-05,0.37363595,13016.03407787,-3.948e-05,2.63738036,3.74944448,0.19031269,35.45843124,0.12994538,16.32337294,0.00739122,0.00073348,0.27456242,0
../data/raw/pump/id_00/normal/00000065.wav,8.574e-05,0.44930318,28910.37891903,-4.643e-05,16.43874359,3.85190868,0.11434517,70.87089539,0.15382448,16.72751802,0.00917956,0.00101485,0.23722477,0
../data/raw/pump/id_00/normal/00000381.wav,0.00010252,0.44129008,11760.00234784,-5.639e-05,15.35842323,4.06202507,0.06626117,47.60918808,0.03396286,14.27633277,0.01005213,0.00100399,0.25636968,0
../data/raw/pump/id_00/normal/00000026.wav,0.00010463,1.35868907,18623.78086472,-5.853e-05,10.7699585,4.04086018,0.08152425,38.48291016,0.07248762,15.26522104,0.01018719,0.000616,0.2626862,0
../data/raw/pump/id_00/normal/00000189.wav,0.00010523,0.58199525,15281.57161277,-6.043e-05,13.06205559,3.61452413,0.08870651,61.02832031,0.05507076,15.12507797,0.01015571,0.00128389,0.25349999,0
../data/raw/pump/id_00/normal/00000798.wav,0.00010478,5.1114707,8190.34256721,-3.969e-05,4.52703333,3.3016541,0.07097706,83.31183624,0.0217161,18.05914366,0.01018897,0.00073704,0.2641084,0
../data/raw/pump/id_00/normal/00000257.wav,8.847e-05,0.83164328,7942.06760133,-4.919e-05,7.12742519,3.34539461,0.0852199,58.42116165,0.04565393,15.1820188,0.00934303,0.00089258,0.26432072,0
../data/raw/pump/id_00/normal/00000604.wav,9.935e-05,1.62372541,7962.83564144,-5.73e-05,12.29388618,3.32302427,0.07070094,42.68295288,0.030804,14.99455461,0.00992357,0.00066342,0.26917288,0
../data/raw/pump/id_00/normal/00000011.wav,0.00010281,1.23722959,13885.36198757,-5.876e-05,12.01420403,3.55200648,0.08819015,39.83804321,0.04863342,15.16477747,0.01009558,0.0006493,0.25642117,0
../data/raw/pump/id_00/normal/00000282.wav,7.455e-05,0.50650221,7331.3069072,-4.327e-05,8.32989788,3.26726604,0.12985161,50.06869125,0.08138031,16.39291488,0.0085707,0.00088378,0.27532518,0
../data/raw/pump/id_00/normal/00000948.wav,8.678e-05,0.60117608,13181.06666625,-4.726e-05,16.37695312,3.58770823,0.10097126,62.53800583,0.07419488,16.9717394,0.00926338,0.00080449,0.2602261,0
../data/raw/pump/id_00/normal/00000365.wav,8.942e-05,0.42586839,14139.88077725,-5.133e-05,7.05205345,3.55642414,0.07903448,58.87471008,0.07579695,15.22482472,0.00941214,0.00071338,0.25985754,0
../data/raw/pump/id_00/normal/00000440.wav,9.382e-05,0.52949005,10566.76862159,-4.836e-05,13.20557022,3.98386431,0.07035462,80.96741486,0.02760553,16.79693814,0.00949015,0.00185599,0.26129801,0
../data/raw/pump/id_00/normal/00000723.wav,7.502e-05,3.09955525,9086.06012806,-3.937e-05,11.07739162,3.38296342,0.09675457,68.39453125,0.03664866,17.36626997,0.00860374,0.00084982,0.26973348,0
../data/raw/pump/id_00/abnormal/00000038.wav,9.855e-05,0.98652297,12543.12865663,-5.227e-05,12.88406849,4.3762455,0.1182483,43.96731567,0.07259053,16.44034677,0.0098444,0.00113445,0.24331712,1
../data/raw/pump/id_00/normal/00000519.wav,9.667e-05,1.26774979,4435.02114936,-5.7e-05,10.6636591,2.97869706,0.07420471,43.52865219,0.02608807,15.0180354,0.00979127,0.00064911,0.27170236,0
../data/raw/pump/id_00/normal/00000501.wav,9.96e-05,0.77734488,5556.60622133,-5.837e-05,8.3010006,2.90499473,0.07458223,44.64746475,0.03444112,15.10258499,0.00993464,0.00074572,0.27475355,0
../data/raw/pump/id_00/normal/00000566.wav,9.258e-05,0.5769577,7781.36831346,-5.075e-05,7.16851711,3.34038305,0.06590393,61.60279465,0.02737848,14.98813779,0.00955396,0.00096643,0.26875435,0
../data/raw/pump/id_00/normal/00000681.wav,9.785e-05,1.4808079,6347.44134303,-5.659e-05,13.47859192,3.31525517,0.06679313,53.7530632,0.02504197,15.19311865,0.00985273,0.00063655,0.26852995,0
../data/raw/pump/id_00/abnormal/00000109.wav,7.896e-05,1.29059494,5759.62519123,-4.421e-05,13.41159821,3.79175925,0.10070294,47.80033493,0.02861378,17.07114429,0.00884158,0.00065505,0.27215668,1
../data/raw/pump/id_00/normal/00000227.wav,5.794e-05,0.21002646,9450.06448105,-3.978e-05,5.40631676,4.47363901,0.19057165,40.83641052,0.1275524,16.13194996,0.00748158,0.00129839,0.27553619,0
../data/raw/pump/id_00/normal/00000446.wav,9.736e-05,0.6581459,6751.38030171,-5.789e-05,9.09063148,3.19970036,0.07578343,48.18051147,0.04036623,14.8186206,0.00982293,0.00067233,0.26892898,0
../data/raw/pump/id_00/normal/00000211.wav,4.53e-05,0.25858667,23723.56414059,-3.255e-05,8.10156918,2.88918114,0.26703836,18.20261955,0.2135115,14.72570653,0.00662273,0.0011195,0.27475865,0
../data/raw/pump/id_00/abnormal/00000081.wav,0.00014184,0.74805349,21171.4896229,-6.439e-05,10.8711586,3.94378996,0.09717109,44.67065811,0.07003646,16.10447223,0.01161487,0.0024729,0.2592809,1
../data/raw/pump/id_00/normal/00000025.wav,0.00011652,1.70599258,15044.8868925,-4.734e-05,13.78717136,3.88658071,0.1104826,105.14192963,0.09821674,16.37129178,0.01057002,0.00209385,0.26251513,0
../data/raw/pump/id_00/normal/00000077.wav,0.00010157,0.90475368,13409.07013678,-6.013e-05,8.33983231,3.43692398,0.09061907,39.68047333,0.08649796,14.74302136,0.01003672,0.00067231,0.25737129,0
../data/raw/pump/id_00/normal/00000288.wav,9.817e-05,1.26209712,10238.80289575,-5.671e-05,11.248456,3.57305503,0.07252147,40.86771393,0.06061086,15.06359196,0.00987013,0.00061972,0.26626912,0
../data/raw/pump/id_00/normal/00000929.wav,9.216e-05,2.51225209,12705.11804591,-4.996e-05,11.93739891,3.69658923,0.06859962,61.67118835,0.04685999,15.43846963,0.00955065,0.00074308,0.25689485,0
../data/raw/pump/id_00/abnormal/00000114.wav,6.48e-05,0.69152188,5405.94728465,-4.118e-05,9.70422268,3.41431403,0.10472151,49.51548767,0.03247815,17.13699794,0.00799751,0.00076725,0.26834671,1
../data/raw/pump/id_00/normal/00000591.wav,9.097e-05,0.37836969,6791.00610553,-5.001e-05,6.362463,3.42435122,0.06015531,58.46694183,0.01975726,15.47815758,0.00948804,0.00080459,0.25956783,0
../data/raw/pump/id_00/normal/00000174.wav,0.00010351,0.96075147,15927.736967,-6.029e-05,9.37620544,3.71177483,0.09164087,38.14122772,0.07635197,14.77202145,0.01013494,0.00063978,0.25707632,0
../data/raw/pump/id_00/normal/00000306.wav,9.041e-05,1.0187763,18096.57400512,-4.799e-05,8.26290894,3.5354104,0.06467153,47.49406433,0.03495859,15.28011492,0.00946346,0.00072268,0.26552341,0
../data/raw/pump/id_00/normal/00000201.wav,9.465e-05,0.97847277,18893.79672383,-5.63e-05,14.14057446,3.51788807,0.08190645,38.7303009,0.07574111,15.06996355,0.00969706,0.00055755,0.26107924,0
../data/raw/pump/id_00/abnormal/00000027.wav,0.00026337,1.68646646,18244.68489195,-9.099e-05,13.69902802,3.55781293,0.08325897,43.86695099,0.04682931,15.23254012,0.01563181,0.00422139,0.25512319,1
../data/raw/pump/id_00/normal/00000537.wav,0.00010273,0.44122273,37105.76024203,-5.469e-05,11.88994789,4.07533836,0.07581775,78.17121887,0.05834281,15.14299179,0.00975906,0.00264835,0.26064584,0
../data/raw/pump/id_00/normal/00000592.wav,9.278e-05,0.83168143,7859.59182661,-5.142e-05,6.55649853,3.71260738,0.06372616,49.04001999,0.02215491,15.40970753,0.00958283,0.00077434,0.27293163,0
../data/raw/pump/id_00/normal/00000620.wav,9.984e-05,1.4133451,10491.06941852,-5.704e-05,9.98752689,3.06368518,0.07189122,46.68962097,0.07823103,15.50963393,0.00994823,0.00067596,0.26623419,0
../data/raw/pump/id_00/normal/00000485.wav,9.297e-05,2.00529265,6647.69429583,-4.097e-05,2.07898021,3.07649589,0.10562787,71.2360611,0.05223868,17.49131647,0.00956096,0.00109927,0.26545674,0
../data/raw/pump/id_00/normal/00000663.wav,0.00010825,4.15427685,7248.04893771,-4.129e-05,12.38247204,3.76671171,0.07039362,86.46411133,0.0257765,17.14888351,0.01032772,0.00109846,0.26246166,0
../data/raw/pump/id_00/normal/00000712.wav,7.953e-05,0.20544077,8072.64795573,-5.374e-05,10.33519268,3.22960567,0.14461705,26.87260246,0.10341433,15.33323512,0.00878195,0.00142828,0.27911467,0
../data/raw/pump/id_00/normal/00000660.wav,8.616e-05,2.10544872,5931.40611333,-4.544e-05,10.67678452,3.79447341,0.09911329,50.52361679,0.03251538,17.29897332,0.00922276,0.0009019,0.27156147,0
../data/raw/pump/id_00/abnormal/00000021.wav,0.00025933,1.33351362,16345.42252243,-9.191e-05,8.10244846,3.07731152,0.08809655,46.9623642,0.04903119,15.08560854,0.01547917,0.00432354,0.26228991,1
../data/raw/pump/id_00/abnormal/00000078.wav,8.919e-05,0.43378246,7276.04086321,-4.975e-05,3.29881978,3.17679334,0.07388179,60.34506226,0.02586671,16.04815771,0.00931024,0.0014854,0.27176422,1
../data/raw/pump/id_00/abnormal/00000135.wav,8.933e-05,0.42979091,9599.85294968,-5.835e-05,8.35109615,2.79243493,0.09595117,37.8651619,0.05890815,15.42163912,0.00930549,0.00154888,0.2515391,1
../data/raw/pump/id_00/normal/00000564.wav,9.688e-05,0.86076188,12054.5761137,-5.935e-05,9.76764488,3.32557797,0.07497223,35.65864563,0.04831251,15.11952333,0.00979319,0.00077481,0.25908112,0
../data/raw/pump/id_00/normal/00000245.wav,9.847e-05,1.69667375,10095.63060484,-5.569e-05,11.58268356,3.49555779,0.07288027,44.54375839,0.04190078,15.30644097,0.00988025,0.00063219,0.25517288,0
../data/raw/pump/id_00/normal/00000867.wav,7.383e-05,0.88569522,8256.97657696,-4.45e-05,11.44475365,3.45996141,0.10845304,42.5090332,0.04965379,16.76385172,0.00855027,0.00064683,0.25671384,0
../data/raw/pump/id_00/normal/00000012.wav,8.547e-05,0.6040048,15029.81346522,-4.575e-05,19.18668365,3.9954145,0.11109568,62.16014862,0.09076373,16.96572524,0.00917695,0.00098851,0.25036138,0
../data/raw/pump/id_00/normal/00000531.wav,0.00010058,0.83967268,6454.07080751,-5.866e-05,9.65201378,3.10327435,0.07295983,44.80718994,0.04020995,14.88943309,0.00998187,0.00076241,0.27286861,0
../data/raw/pump/id_00/normal/00000824.wav,9.391e-05,1.00801075,13495.44627641,-5.24e-05,7.21262646,3.37261176,0.079451,42.94256592,0.09339538,14.73680346,0.00964363,0.00070123,0.24667638,0
../data/raw/pump/id_00/normal/00000926.wav,9.592e-05,0.94681847,10932.28758696,-5.279e-05,8.47236538,3.48687601,0.06978834,55.8784523,0.03505459,15.23846013,0.00973659,0.00089229,0.24485099,0
../data/raw/pump/id_00/normal/00000973.wav,7.597e-05,0.85720551,7081.56515533,-4.655e-05,9.33402824,3.44349027,0.10551867,46.72627258,0.05521626,16.69712249,0.00867577,0.00061612,0.26667919,0
../data/raw/pump/id_00/normal/00000673.wav,9.842e-05,1.36651278,6809.75464775,-5.753e-05,10.53436756,3.16449046,0.0698757,46.16260529,0.03731407,15.09269079,0.00987353,0.00072354,0.26049601,0
../data/raw/pump/id_00/normal/00000989.wav,9.229e-05,0.66886014,13497.24603169,-5.186e-05,9.01068687,3.74457359,0.0705699,50.49074173,0.05216124,15.20865314,0.00955021,0.00080705,0.23726684,0
../data/raw/pump/id_00/normal/00000015.wav,9.44e-05,0.9024179,9932.50565695,-4.93e-05,5.98199177,4.11460686,0.10898344,70.38872528,0.05288246,16.0512479,0.00961003,0.00130296,0.25539383,0
../data/raw/pump/id_00/normal/00000494.wav,7.778e-05,0.89899313,6297.93489962,-4.388e-05,17.98217201,3.42352009,0.09801661,51.30753326,0.03642954,16.89779393,0.0087714,0.0007129,0.2700872,0
../data/raw/pump/id_00/normal/00000084.wav,7.963e-05,0.21096008,6989.54397166,-5.65e-05,13.02911377,3.66427112,0.15805648,18.62394905,0.08863057,14.85389271,0.008873,0.00074777,0.27706235,0
../data/raw/pump/id_00/normal/00000655.wav,0.00010301,1.25808537,6820.04691902,-4.433e-05,3.701509,3.43706203,0.09368292,102.56061554,0.05811022,16.25823753,0.00993347,0.00198404,0.2673624,0
../data/raw/pump/id_00/normal/00000690.wav,0.00010314,1.81231749,11770.68889775,-5.709e-05,13.96569252,3.64465213,0.06709889,56.64907455,0.0460997,15.20124043,0.01010121,0.00085521,0.26440152,0
../data/raw/pump/id_00/normal/00000901.wav,0.00010045,1.87747705,7932.85256067,-5.709e-05,10.9504652,3.39121628,0.07328587,52.56369019,0.03543545,14.90854573,0.00997902,0.00065761,0.250514,0
../data/raw/pump/id_00/normal/00000095.wav,0.00010407,1.23744714,21422.68517578,-5.467e-05,12.35951328,5.06925535,0.09012611,77.20532227,0.10781066,15.23287224,0.00974804,0.00290597,0.25053391,0
../data/raw/pump/id_00/normal/00000384.wav,7.404e-05,0.19702639,9700.68923122,-5.402e-05,11.18521214,3.23771381,0.15805336,18.6966114,0.08734155,15.12245426,0.00849685,0.00123333,0.27433554,0
../data/raw/pump/id_00/normal/00000964.wav,8.299e-05,1.87715578,4969.04382182,-4.48e-05,15.17051697,3.65625834,0.10419579,72.68758392,0.03643227,17.02628246,0.00905001,0.00086469,0.25777172,0
../data/raw/pump/id_00/normal/00000990.wav,0.00010415,0.77811378,9742.44090173,-5.729e-05,11.64669323,3.48459077,0.06788201,45.87588501,0.0306445,14.91099053,0.01016046,0.00069775,0.26511973,0
../data/raw/pump/id_00/normal/00000373.wav,9.439e-05,0.79124421,18540.51981268,-4.932e-05,9.20969868,3.54375339,0.0629524,58.29653168,0.05203271,15.00929413,0.00965611,0.00087533,0.25325615,0
../data/raw/pump/id_00/normal/00000550.wav,8.537e-05,0.33270046,6874.89332413,-5.21e-05,7.68150234,3.58985138,0.08261313,48.03126144,0.0410466,15.82326695,0.00919579,0.00072743,0.27452645,0
../data/raw/pump/id_00/normal/00000744.wav,0.00010395,1.30077672,8761.46243915,-5.601e-05,13.78829956,3.73556685,0.06067636,65.31138611,0.02066121,15.08178313,0.01013901,0.00086961,0.26653719,0
../data/raw/pump/id_00/normal/00000176.wav,0.00010124,1.75989866,23446.81935907,-5.2e-05,15.69690895,4.58505869,0.07484119,56.37949371,0.06402689,15.02029393,0.01001078,0.0008235,0.2447997,0
../data/raw/pump/id_00/normal/00000160.wav,9.058e-05,0.81299847,7211.57819623,-5.606e-05,14.20793056,3.50437617,0.11654946,27.88784599,0.0618307,14.83799533,0.00947773,0.00061716,0.26865908,0
../data/raw/pump/id_00/normal/00000788.wav,0.00010425,1.42961848,8885.55984918,-4.534e-05,5.94503546,3.58324504,0.0923694,99.81228638,0.0451263,16.74311325,0.01006279,0.00157174,0.27259511,0
../data/raw/pump/id_00/normal/00000559.wav,9.837e-05,1.04006207,5445.02629346,-5.874e-05,6.57476902,3.15915513,0.06693509,38.92930222,0.02627172,14.91655649,0.00987561,0.00068838,0.26582496,0
../data/raw/pump/id_00/normal/00000985.wav,9.832e-05,0.82604969,9753.06861771,-4.693e-05,5.09237289,3.56285477,0.09458148,83.81807709,0.06441828,15.95107879,0.00981063,0.00126875,0.26337887,0
../data/raw/pump/id_00/normal/00000539.wav,7.282e-05,0.59892732,3797.68815648,-4.433e-05,10.32053757,3.50959682,0.10678851,51.13210678,0.03172473,17.01494078,0.0084868,0.00074645,0.27217066,0
../data/raw/pump/id_00/normal/00000092.wav,8.428e-05,1.18081093,17740.50768635,-4.721e-05,19.57376862,4.83193111,0.11482877,45.48319626,0.09130989,16.98969684,0.00912077,0.00084421,0.24939158,0
../data/raw/pump/id_00/normal/00000144.wav,7.914e-05,1.08631897,13384.96255298,-4.7e-05,15.39939976,4.31562948,0.11550114,42.064785,0.07347865,16.72476575,0.00885578,0.00062005,0.25125989,0
../data/raw/pump/id_00/normal/00000345.wav,9.611e-05,0.70062369,9275.83234913,-5.643e-05,8.0894928,3.29541206,0.07936208,52.08512878,0.03747715,14.82219913,0.0097582,0.00072921,0.2607097,0
../data/raw/pump/id_00/normal/00000553.wav,0.00010167,0.77587926,8940.87616915,-5.635e-05,13.73571777,3.53314018,0.06369652,57.41539764,0.02262574,14.94852244,0.009961,0.0014125,0.26559253,0
../data/raw/pump/id_00/normal/00000289.wav,7.659e-05,1.10356653,10279.09637664,-4.215e-05,16.59214592,3.62820983,0.10285574,60.96377563,0.04942267,17.53429576,0.0087015,0.00071319,0.27016874,0
../data/raw/pump/id_00/normal/00000008.wav,6.389e-05,0.17840861,18646.21285194,-4.764e-05,7.55519342,3.37116241,0.20407972,20.83987236,0.20005012,15.47462998,0.00778995,0.00172841,0.27164745,0
../data/raw/pump/id_00/normal/00000934.wav,0.00011318,1.79445338,10753.48284078,-4.601e-05,10.46243572,3.63857865,0.08740078,101.06106567,0.05529743,16.70844056,0.01051143,0.00150513,0.25738244,0
../data/raw/pump/id_00/normal/00000314.wav,7.122e-05,0.84577328,9223.08914368,-4.235e-05,10.40459061,3.44102025,0.1085404,49.84674835,0.0464225,16.87288156,0.00838257,0.00079527,0.27166692,0
../data/raw/pump/id_00/normal/00000797.wav,9.191e-05,3.93673086,7381.08874619,-3.952e-05,5.20623207,3.48276424,0.06683057,78.14920044,0.02918773,17.56627323,0.00952931,0.00087825,0.25223614,0
../data/raw/pump/id_00/abnormal/00000009.wav,0.000246,0.44432673,16801.5529452,-8.993e-05,6.86474562,3.71658063,0.09039911,57.67212677,0.05760807,15.5102928,0.01520676,0.0037028,0.25911579,1
../data/raw/pump/id_00/normal/00000415.wav,9.714e-05,1.19538093,7813.21408247,-5.65e-05,12.21003246,3.50616574,0.07087098,41.87572098,0.0336132,14.87438286,0.00981464,0.00062549,0.27082472,0
../data/raw/pump/id_00/normal/00000767.wav,9.892e-05,0.87372905,4422.09268112,-5.812e-05,8.61960697,3.49202013,0.07500811,44.07300949,0.02144402,14.80191575,0.00990276,0.00069896,0.27062203,0
../data/raw/pump/id_00/abnormal/00000132.wav,0.00010495,1.497697,6608.98494121,-5.053e-05,12.58151054,3.31960535,0.04226207,84.57898712,0.01796037,15.84447366,0.01005238,0.00187282,0.25128576,1
../data/raw/pump/id_00/normal/00000952.wav,8.037e-05,0.62274241,6351.15288112,-4.387e-05,17.57517052,3.43334413,0.10436271,68.82923126,0.05853559,16.94043613,0.00887743,0.00109943,0.26513242,0
../data/raw/pump/id_00/normal/00000264.wav,8.683e-05,1.06373644,15135.84168627,-5.141e-05,9.61666489,3.08762765,0.11173997,61.32928085,0.08462495,15.34308268,0.00924859,0.0009807,0.27470638,0
../data/raw/pump/id_00/normal/00000232.wav,8.73e-05,1.89869511,12399.78667779,-4.785e-05,6.09785461,2.98293662,0.08254605,61.61942673,0.05142703,14.82015874,0.00928918,0.00083014,0.2758017,0
../data/raw/pump/id_00/normal/00000688.wav,9.019e-05,2.33801174,5763.86973297,-4.32e-05,1.75750899,3.71486187,0.08102349,78.69581604,0.03661551,16.84217063,0.00943721,0.0008934,0.26184834,0
../data/raw/pump/id_00/normal/00000513.wav,7.276e-05,1.37779963,4552.50108539,-4.282e-05,9.66465187,3.52660346,0.10126142,52.06803131,0.02480999,17.02962545,0.00848904,0.00064048,0.27015135,0
../data/raw/pump/id_00/normal/00000149.wav,0.00010631,0.84721428,12788.51816356,-6.092e-05,9.2016964,3.38344121,0.08772214,32.84715652,0.05100225,14.92851674,0.01026808,0.00063387,0.25603965,0
../data/raw/pump/id_00/normal/00000388.wav,9.269e-05,0.68652481,19312.1888629,-4.698e-05,15.02526188,4.66436672,0.06468401,77.4630661,0.03257562,15.60152226,0.00948919,0.00152873,0.25949213,0
../data/raw/pump/id_00/normal/00000392.wav,7.065e-05,0.58077997,6517.34896092,-4.278e-05,15.49246311,3.51127076,0.10609743,56.56901169,0.04913627,16.67640899,0.0083481,0.00080906,0.27060961,0
../data/raw/pump/id_00/normal/00000265.wav,9.741e-05,1.00510693,10409.89271473,-5.738e-05,13.16609287,3.33618069,0.07702676,41.28214645,0.04094456,14.64015837,0.00982913,0.00061192,0.26817884,0
../data/raw/pump/id_00/normal/00000870.wav,9.133e-05,1.07906187,18332.01873751,-5.06e-05,10.39675331,3.44708037,0.07529359,56.63354111,0.03636894,15.45984578,0.00951105,0.00074257,0.2461995,0
../data/raw/pump/id_00/normal/00000852.wav,5.463e-05,0.25126019,34772.96431813,-3.839e-05,13.64599037,3.70782638,0.2335482,40.46977234,0.15966691,16.10752746,0.00731542,0.00095051,0.27444979,0
../data/raw/pump/id_00/abnormal/00000095.wav,0.00012958,1.46241713,25378.0654063,-6.05e-05,12.46659088,3.74554992,0.12342596,42.05666733,0.14579323,16.27005745,0.0111616,0.00214336,0.23533947,1
../data/raw/pump/id_00/normal/00000705.wav,7.003e-05,0.57031006,5074.08529742,-4.486e-05,11.98156738,3.69202256,0.10669335,45.74158096,0.02722636,16.89584232,0.00831707,0.00072796,0.27196821,0
../data/raw/pump/id_00/normal/00000509.wav,9.553e-05,0.91624898,20395.30387134,-4.964e-05,11.69161129,3.76890206,0.06652013,69.60082245,0.03933054,15.72033716,0.00968826,0.0011406,0.25544024,0
../data/raw/pump/id_00/normal/00000099.wav,9.934e-05,1.01707637,24314.14221256,-5.279e-05,11.32360649,4.54369926,0.07780988,52.49652481,0.06397995,15.07170588,0.00991648,0.00078902,0.25459384,0
../data/raw/pump/id_00/abnormal/00000099.wav,0.00016177,1.1303376,23862.22051187,-7.436e-05,9.51122856,3.45896435,0.09567972,43.21041489,0.09285878,14.82397626,0.01246287,0.00242198,0.25303075,1
../data/raw/pump/id_00/normal/00000603.wav,0.00010694,3.20303702,11914.53976427,-4.174e-05,14.18528366,3.52190757,0.07999232,99.14083862,0.05376894,17.04612648,0.01019359,0.00158027,0.26571906,0
../data/raw/pump/id_00/normal/00000194.wav,8.352e-05,0.20992401,16503.60523972,-5.577e-05,13.88642311,4.18396091,0.15144987,20.19335556,0.13741505,14.84449207,0.00898971,0.00155015,0.26877319,0
../data/raw/pump/id_00/normal/00000575.wav,9.963e-05,1.02354836,7344.87152642,-5.795e-05,9.33320332,3.56552243,0.06795065,40.77708054,0.03305513,15.04868448,0.00993409,0.00074375,0.26481635,0
../data/raw/pump/id_00/normal/00000208.wav,9.508e-05,0.67040271,11665.07959653,-4.731e-05,8.15625572,3.20654225,0.10597731,73.17710876,0.07221713,16.853746,0.0096551,0.00123096,0.26662702,0
../data/raw/pump/id_00/normal/00000925.wav,6.742e-05,0.6548599,8801.67337444,-4.386e-05,14.25818062,3.77540803,0.10512243,43.76054382,0.05886139,16.51553261,0.00816241,0.00073446,0.26504336,0
../data/raw/pump/id_00/abnormal/00000129.wav,8.719e-05,1.29323339,5142.58926933,-4.58e-05,7.61356544,3.19365549,0.05255185,92.70603943,0.01922969,15.78890251,0.0091662,0.00164952,0.28227607,1
../data/raw/pump/id_00/normal/00000127.wav,0.00010128,1.37959743,9392.83334398,-5.872e-05,10.64366913,3.79590249,0.08639146,42.97682571,0.04109427,14.8675845,0.0100231,0.0006415,0.26191986,0
../data/raw/pump/id_00/normal/00000755.wav,9.263e-05,0.50358427,8443.41986461,-5.105e-05,9.69137573,3.67619872,0.06566525,64.40736389,0.03527229,15.45414373,0.00952612,0.00124291,0.27308108,0
../data/raw/pump/id_00/normal/00000413.wav,6.756e-05,0.52489179,6303.20628035,-4.315e-05,11.1174078,3.83220887,0.10871356,52.11784363,0.03675235,16.81210343,0.00816562,0.00071082,0.26483502,0
../data/raw/pump/id_00/normal/00000001.wav,9.695e-05,0.56311125,18655.68297627,-5.479e-05,10.95572281,3.98698568,0.08826815,43.24190521,0.07892157,15.29044765,0.00980449,0.00068952,0.25238351,0
../data/raw/pump/id_00/normal/00000628.wav,8.961e-05,0.91915154,12373.06382759,-5.199e-05,5.27567196,3.79162169,0.07841828,39.60551071,0.06991881,15.89624241,0.00942404,0.00066715,0.26629885,0
../data/raw/pump/id_00/normal/00000625.wav,9.703e-05,0.92303872,7910.69728144,-5.788e-05,9.69055939,2.99176288,0.06934998,39.73648071,0.03027848,14.82056748,0.00980863,0.00063747,0.27144292,0
../data/raw/pump/id_00/normal/00000557.wav,9.764e-05,2.02297807,9578.71060498,-4.831e-05,9.12604332,3.67621017,0.04804032,60.22455215,0.01403199,15.46477895,0.00984323,0.0006185,0.25488607,0
../data/raw/pump/id_00/normal/00000464.wav,8.66e-05,1.01852274,8380.44854912,-5.086e-05,0.48462155,2.53054237,0.10605375,35.80043793,0.05277659,15.23306157,0.0092632,0.00065553,0.2693838,0
../data/raw/pump/id_00/normal/00000517.wav,9.66e-05,0.56277734,9598.83478844,-6.033e-05,8.43003654,3.54947495,0.08727442,37.39002609,0.07282057,14.96795546,0.00977005,0.00090754,0.27384229,0
../data/raw/pump/id_00/normal/00000883.wav,8.379e-05,0.61294401,7088.83424863,-4.693e-05,18.80566597,3.40870619,0.09780445,59.24872208,0.03823689,16.42085046,0.00909835,0.00083614,0.25663803,0
../data/raw/pump/id_00/normal/00000685.wav,7.01e-05,1.90842974,4784.99300714,-4.124e-05,10.63531876,3.59635472,0.10316306,55.75318909,0.02657525,16.93641067,0.00831951,0.00077468,0.26787725,0
../data/raw/pump/id_00/normal/00000478.wav,7.111e-05,0.32136834,9283.99274955,-5.27e-05,14.83998108,4.24303484,0.14992886,28.00753975,0.07678823,15.64663533,0.00835105,0.00106268,0.27123687,0
../data/raw/pump/id_00/normal/00000259.wav,9.774e-05,3.16320658,11177.27389313,-3.94e-05,8.81837463,3.5860393,0.08032773,77.44072723,0.04482729,17.40484093,0.00978015,0.0013083,0.2696166,0
../data/raw/pump/id_00/normal/00000216.wav,7.211e-05,0.97255862,8825.06410576,-4.391e-05,11.2037859,3.00033212,0.11261669,51.91083145,0.04765773,16.79228484,0.00844524,0.00072919,0.26771743,0
../data/raw/pump/id_00/normal/00000299.wav,8.614e-05,1.06274498,11946.83038952,-4.486e-05,7.61086178,3.28247023,0.09915073,66.8307724,0.05514152,17.31304353,0.00922314,0.00087977,0.2685247,0
../data/raw/pump/id_00/normal/00000969.wav,9.885e-05,1.24058259,15565.10240422,-5.134e-05,11.98166466,3.75829601,0.06234244,60.13096237,0.04836519,15.33142698,0.00988998,0.00080503,0.24917982,0
../data/raw/pump/id_00/normal/00000210.wav,0.00010035,4.62133884,36342.33004981,-4.011e-05,16.8135376,4.56770658,0.04819944,114.43514252,0.06177671,15.60427953,0.00992264,0.00124145,0.23846095,0
../data/raw/pump/id_00/normal/00000158.wav,0.00010159,0.97064579,16977.04292645,-5.918e-05,13.65987587,3.7299037,0.08266617,43.54669571,0.06992977,14.77327147,0.01003218,0.00067085,0.2489834,0
../data/raw/pump/id_00/normal/00000668.wav,7.839e-05,1.21875072,14173.53290985,-4.366e-05,13.67341614,2.79072618,0.15034694,49.21213913,0.14599253,14.7724437,0.00877551,0.00103251,0.277403,0
../data/raw/pump/id_00/normal/00000222.wav,8.964e-05,0.66002059,19968.27436455,-4.722e-05,6.39447308,3.78455281,0.07165254,65.19629669,0.07810716,15.42431848,0.00937629,0.00114477,0.26171972,0
../data/raw/pump/id_00/normal/00000916.wav,9.057e-05,0.94852853,38009.01035474,-4.608e-05,14.11287022,3.69038272,0.08555062,67.02317047,0.12153556,14.69436565,0.00941497,0.00127495,0.26135537,0
../data/raw/pump/id_00/normal/00000979.wav,9.616e-05,2.41827416,18607.80286791,-4.963e-05,9.79528427,3.78252912,0.06573233,64.82575989,0.04136585,15.13499504,0.00976423,0.00070445,0.22904602,0
../data/raw/pump/id_00/normal/00000419.wav,9.715e-05,1.97446036,31193.83851763,-4.802e-05,11.81043625,4.0795784,0.06050787,63.45395279,0.05579286,15.57697737,0.00981283,0.00070978,0.26073143,0
../data/raw/pump/id_00/normal/00000020.wav,6.27e-05,0.46108562,13856.49088631,-4.261e-05,13.34503078,3.97437549,0.12261007,38.60076141,0.09800722,16.56122864,0.00787196,0.00072794,0.2472156,0
../data/raw/pump/id_00/normal/00000200.wav,7.942e-05,1.1976006,10295.14774976,-4.067e-05,11.22073078,3.51504111,0.10949668,59.95641708,0.08317494,16.42015128,0.00885332,0.00082498,0.27155843,0
../data/raw/pump/id_00/normal/00000895.wav,6.935e-05,0.61425173,8605.07826723,-4.175e-05,16.01772881,3.2634275,0.12717621,52.61611176,0.07505331,16.56653902,0.00827027,0.00080907,0.2697076,0
../data/raw/pump/id_00/normal/00000624.wav,9.642e-05,0.65351158,19367.52820272,-4.907e-05,11.93270111,4.45162058,0.06183232,79.51010132,0.04721343,16.00860219,0.00967008,0.00156373,0.25758664,0
../data/raw/pump/id_00/normal/00000580.wav,9.965e-05,1.47139919,6814.76161745,-5.691e-05,8.25433826,3.02509356,0.06493049,48.58082581,0.03445785,15.20874141,0.00994259,0.0006691,0.26763957,0
../data/raw/pump/id_00/normal/00000196.wav,0.00010334,2.19837499,22622.69686229,-5.248e-05,10.20619583,4.26641607,0.07382875,42.81555176,0.07764851,15.40800104,0.01011799,0.00071579,0.23597104,0
../data/raw/pump/id_00/normal/00000317.wav,8.487e-05,1.33993971,10069.14713624,-4.447e-05,15.23183632,3.3074255,0.09761413,66.95075226,0.04530454,17.17221335,0.00915521,0.00082836,0.26806701,0
../data/raw/pump/id_00/normal/00000198.wav,8.637e-05,0.68018687,18661.15685597,-4.774e-05,24.76404572,4.76886034,0.11123764,53.61213303,0.09623731,16.52464427,0.00924931,0.00070618,0.24877514,0
../data/raw/pump/id_00/normal/00000052.wav,8.257e-05,0.52604473,9607.45944136,-4.602e-05,10.16707802,3.88842869,0.12782829,55.79798126,0.08731461,16.6616978,0.00901655,0.00098574,0.25140428,0
../data/raw/pump/id_00/abnormal/00000019.wav,0.00027242,0.8491357,27819.62673769,-8.513e-05,8.54597569,3.63672495,0.09864061,59.82151413,0.05221507,16.18703106,0.01558732,0.00534861,0.24860835,1
../data/raw/pump/id_00/normal/00000402.wav,9.772e-05,1.24944758,4423.45173136,-5.699e-05,9.17178154,3.38251448,0.07551511,49.02374268,0.02571549,15.00191329,0.00984268,0.00068483,0.27186146,0
../data/raw/pump/id_00/normal/00000394.wav,8.125e-05,0.85586536,8759.14293538,-4.425e-05,15.25936127,2.94586611,0.09826153,67.9645462,0.05370916,17.17566164,0.00895356,0.00088366,0.2660262,0
../data/raw/pump/id_00/normal/00000583.wav,9.917e-05,4.36342812,9648.09318275,-4.081e-05,12.783535,3.49487996,0.07910156,70.78005981,0.04939022,17.25204756,0.00990134,0.00085648,0.26693536,0
../data/raw/pump/id_00/normal/00000691.wav,8.944e-05,1.24647152,6778.89094872,-4.666e-05,10.58395386,3.47061944,0.09158939,62.34403229,0.04361175,17.35940812,0.00939643,0.00091393,0.26985654,0
../data/raw/pump/id_00/normal/00000959.wav,9.621e-05,2.14766073,17576.67917401,-4.863e-05,13.4216404,4.09906721,0.06342664,58.46947098,0.03851778,15.72458561,0.0096939,0.00137653,0.24821241,0
../data/raw/pump/id_00/normal/00000258.wav,9.469e-05,0.78791696,16624.56223759,-4.705e-05,10.31966209,3.68586016,0.05859999,69.87246704,0.02916422,15.43579945,0.00966476,0.00096797,0.2573645,0
../data/raw/pump/id_00/abnormal/00000023.wav,0.00029358,1.07760811,20225.61057305,-9.303e-05,8.19276524,3.22753811,0.08684542,67.58222961,0.05992039,14.9001549,0.01600401,0.00601221,0.24805525,1
../data/raw/pump/id_00/normal/00000254.wav,9.027e-05,0.66462779,21770.38010649,-4.919e-05,8.1823082,3.66030121,0.07141386,52.50910187,0.06330941,15.41341677,0.00943439,0.000953,0.26282817,0
../data/raw/pump/id_00/normal/00000854.wav,9.309e-05,4.00225019,16959.07383634,-3.711e-05,7.61331272,4.31480646,0.08460682,90.26927948,0.08283493,17.19059136,0.00945226,0.00186823,0.25126427,0
../data/raw/pump/id_00/normal/00000839.wav,0.00010187,0.86927861,14294.2380069,-5.903e-05,10.31026077,3.34174347,0.08258505,40.77415085,0.0791346,14.75227751,0.0100287,0.00095848,0.25177443,0
../data/raw/pump/id_00/normal/00000443.wav,7.976e-05,0.49416402,7424.99772348,-4.549e-05,17.94515991,3.229146,0.10432839,56.87251282,0.05716939,16.88655647,0.0088733,0.00086542,0.27064036,0
../data/raw/pump/id_00/normal/00000091.wav,0.00010579,1.06939507,15550.23181715,-6.101e-05,9.59380531,3.78660131,0.08434474,42.00553131,0.04809528,14.82020113,0.01024139,0.00066658,0.24098947,0
../data/raw/pump/id_00/abnormal/00000022.wav,0.00022225,7.24200869,93013.48602814,-6.655e-05,14.16865921,5.19100094,0.11250437,78.69783783,0.17421877,15.98991881,0.01320348,0.00685306,0.25659243,1
../data/raw/pump/id_00/normal/00000329.wav,9.277e-05,1.16014612,6413.21907846,-5.608e-05,10.7787838,3.17553449,0.07485835,42.850914,0.02885168,15.05599063,0.00959073,0.00061716,0.26336138,0
../data/raw/pump/id_00/abnormal/00000079.wav,0.00013365,0.78538716,27143.22443385,-6.153e-05,15.24142838,4.26400852,0.12332768,53.13074493,0.10010809,16.26177811,0.01122728,0.00268236,0.24131095,1
../data/raw/pump/id_00/normal/00000780.wav,6.873e-05,0.25294223,46442.54149192,-4.905e-05,11.86368752,4.49815369,0.14535025,30.70330238,0.09483776,15.13562889,0.00788251,0.00251574,0.27209331,0
../data/raw/pump/id_00/normal/00000851.wav,8.901e-05,0.47752088,10561.8736731,-5.235e-05,6.28653622,3.42865181,0.10131446,44.55253983,0.05744699,14.9967944,0.00938477,0.00068957,0.26243658,0
../data/raw/pump/id_00/normal/00000376.wav,9.35e-05,0.79181021,39802.29411994,-4.564e-05,13.69148445,4.34469891,0.06924546,72.86279297,0.10653431,15.65161098,0.0092904,0.00260808,0.26321647,0
../data/raw/pump/id_00/normal/00000632.wav,0.00010278,1.5629679,5791.3299024,-4.674e-05,2.23011923,3.34244299,0.09896197,90.21733093,0.04404908,15.72348344,0.00999748,0.00157818,0.26245177,0
../data/raw/pump/id_00/normal/00000068.wav,8.477e-05,0.22529201,33157.7391353,-5.27e-05,10.64187813,3.76291871,0.15408159,26.18062401,0.18098947,15.20024734,0.00855875,0.00331624,0.26300682,0
../data/raw/pump/id_00/normal/00000549.wav,9.839e-05,1.03279138,6827.76243307,-5.772e-05,8.34733677,2.86716199,0.06704273,42.70154953,0.02475934,14.94386622,0.00987387,0.00064751,0.26450824,0
../data/raw/pump/id_00/abnormal/00000140.wav,9.087e-05,0.3305828,34388.17807271,-5.128e-05,13.41294289,3.56117725,0.18952021,23.39162254,0.15250666,14.67490951,0.00948025,0.00079786,0.27797075,1
../data/raw/pump/id_00/normal/00000570.wav,8.741e-05,0.50966847,11356.57353278,-5.293e-05,13.43591213,3.20511746,0.13688411,38.71216202,0.12252824,14.92603983,0.00923879,0.00133312,0.27014276,0
../data/raw/pump/id_00/normal/00000932.wav,0.00010056,1.4618901,7130.26924989,-5.738e-05,9.82633018,3.07171464,0.07360411,44.66132736,0.03583538,15.10208176,0.00998033,0.00068293,0.26236747,0
../data/raw/pump/id_00/abnormal/00000035.wav,0.00021299,0.36145625,89191.12351303,-7.478e-05,12.65666008,4.24815369,0.14097756,46.48796844,0.16425869,15.13911257,0.01322434,0.00610758,0.24098718,1
../data/raw/pump/id_00/normal/00000662.wav,7.674e-05,2.92825842,7772.80291476,-3.552e-05,13.24123573,3.70993805,0.10763872,53.86071777,0.07055707,15.32132951,0.00870865,0.00073985,0.27261112,0
../data/raw/pump/id_00/normal/00000652.wav,0.00010303,3.28383589,37134.15845349,-5.277e-05,13.80292892,3.75323057,0.07982852,91.06681061,0.07791129,14.88713146,0.00966066,0.00304191,0.26315375,0
../data/raw/pump/id_00/normal/00000962.wav,9.591e-05,2.28163195,31329.58927209,-4.857e-05,10.26507568,3.85372281,0.07350583,48.72673798,0.05740798,15.22755624,0.00975384,0.00063711,0.25671841,0
../data/raw/pump/id_00/abnormal/00000115.wav,8.033e-05,0.72413993,11209.43022907,-4.955e-05,2.31023288,2.91484976,0.10805992,34.23201752,0.07534789,14.98551204,0.0089216,0.00062032,0.27189099,1
../data/raw/pump/id_00/normal/00000568.wav,9.915e-05,1.31096947,6704.20983654,-5.71e-05,10.96259785,3.10034132,0.07064166,41.03422546,0.02927288,15.34217061,0.00991343,0.00071307,0.26918417,0
../data/raw/pump/id_00/normal/00000456.wav,8.691e-05,0.78196621,5846.49249216,-4.689e-05,13.56193161,3.60992146,0.09659857,61.18679047,0.03587054,16.85810148,0.00924862,0.00101722,0.27128106,0
../data/raw/pump/id_00/normal/00000336.wav,9.778e-05,0.49693519,39929.54966536,-4.465e-05,15.37600517,4.71428585,0.05942991,101.67251587,0.06968447,15.64086699,0.00963596,0.00212758,0.2433408,0
../data/raw/pump/id_00/normal/00000757.wav,0.0001029,0.64966285,6567.23437062,-5.558e-05,12.05120754,3.63141346,0.05884803,55.36730576,0.01900828,15.00147729,0.0100821,0.00091524,0.26434897,0
../data/raw/pump/id_00/normal/00000761.wav,0.00010127,1.39487004,11740.882763,-4.859e-05,15.4097023,4.52632666,0.04774392,82.96140289,0.01486543,15.15951998,0.01000456,0.0009015,0.257646,0
../data/raw/pump/id_00/normal/00000292.wav,7.889e-05,0.80677998,6528.2130054,-3.985e-05,13.70868874,3.2396965,0.110467,93.79006958,0.05239224,16.91452082,0.00873466,0.00152589,0.26340815,0
../data/raw/pump/id_00/normal/00000341.wav,9.882e-05,0.99444163,12122.67436168,-5.744e-05,15.06391144,3.60747576,0.07320163,42.05924988,0.0557014,14.97569838,0.00990278,0.00060146,0.25912849,0
../data/raw/pump/id_00/normal/00000049.wav,4.835e-05,0.15730402,9599.34577443,-3.424e-05,11.57655334,3.59860921,0.28620457,12.43622303,0.15604711,14.57302894,0.00692668,0.00042654,0.2632609,0
../data/raw/pump/id_00/normal/00000031.wav,9.825e-05,3.03332925,18124.4572162,-4.685e-05,6.49794579,4.02515316,0.09094511,65.56105042,0.08396003,16.50677391,0.00986059,0.00079876,0.23685086,0
../data/raw/pump/id_00/normal/00000837.wav,9.513e-05,0.61792809,12944.29030951,-5.415e-05,8.64891624,3.58172345,0.07391143,42.9141655,0.04298682,14.95647978,0.00969743,0.00083826,0.26215515,0
../data/raw/pump/id_00/normal/00000310.wav,4.576e-05,0.13219768,26227.07436586,-3.022e-05,11.38678646,3.06368184,0.27908783,21.16735268,0.23938368,14.01354967,0.00672483,0.00057359,0.27243728,0
../data/raw/pump/id_00/normal/00000805.wav,8.456e-05,0.51861644,6528.21462558,-5.114e-05,6.37280178,3.41834307,0.08469418,37.9348793,0.02717291,15.45010155,0.00915091,0.00069563,0.26814335,0
../data/raw/pump/id_00/abnormal/00000077.wav,0.00015756,0.95841944,20524.16650406,-7.047e-05,13.84860802,4.097785,0.09822097,59.62553787,0.08907468,14.96471079,0.01211631,0.00317906,0.23852534,1
../data/raw/pump/id_00/normal/00000996.wav,9.846e-05,0.77187699,9633.03733527,-5.801e-05,11.1986208,3.11752987,0.07254799,46.66400146,0.03658655,14.93136265,0.00987702,0.00067358,0.26624654,0
../data/raw/pump/id_00/normal/00000611.wav,0.00010081,1.40084374,6185.61239774,-5.763e-05,11.79750824,3.34673548,0.0715215,41.53731537,0.02219278,15.25551431,0.00999628,0.00070815,0.26901787,0
../data/raw/pump/id_00/normal/00000507.wav,8.282e-05,0.29885721,8969.66511594,-5.679e-05,7.7854948,3.74309564,0.13244746,27.98574257,0.07472347,16.1577945,0.00903793,0.0009315,0.26326251,0
../data/raw/pump/id_00/normal/00000286.wav,9.516e-05,0.69485688,9615.26409684,-5.706e-05,8.48401737,3.3030355,0.07865384,39.59079361,0.04070191,14.6033587,0.00971618,0.00061553,0.26660272,0
../data/raw/pump/id_00/normal/00000239.wav,9.441e-05,1.19635832,5734.24995591,-5.751e-05,9.14004707,3.55824327,0.08068809,39.81825256,0.02810107,14.83075769,0.00967735,0.0006385,0.26659447,0
../data/raw/pump/id_00/normal/00000799.wav,9.591e-05,0.82280159,6719.21723125,-5.736e-05,11.52022266,3.46672297,0.06812381,42.38184738,0.02232908,15.11236171,0.00974849,0.00065137,0.25724249,0
../data/raw/pump/id_00/normal/00000918.wav,9.761e-05,1.54205298,21736.35214302,-4.884e-05,12.98795223,3.53048491,0.0611116,69.03424072,0.04756185,15.42175784,0.00981263,0.00100023,0.22989047,0
../data/raw/pump/id_00/normal/00000763.wav,9.143e-05,0.61393094,8372.59285322,-5.154e-05,8.36613083,3.43384767,0.06445937,49.70024872,0.02921864,15.17650169,0.00951893,0.00068434,0.26727887,0
../data/raw/pump/id_00/normal/00000016.wav,9.611e-05,0.86161751,15983.3431026,-4.738e-05,9.84901619,3.87128353,0.10974472,73.34139252,0.06885371,16.92517659,0.00969355,0.00132587,0.24914554,0
../data/raw/pump/id_00/normal/00000935.wav,9.819e-05,0.86944526,37888.10237634,-4.896e-05,13.03965378,4.31552792,0.05554082,76.32102966,0.15860359,15.14643529,0.00982856,0.00112635,0.22195631,0
../data/raw/pump/id_00/normal/00000271.wav,6.005e-05,0.14421253,6579.18420838,-4.701e-05,12.13014507,3.11471343,0.19552778,15.35483265,0.09422828,14.7659511,0.00771357,0.00056327,0.27009401,0
../data/raw/pump/id_00/normal/00000778.wav,9.991e-05,0.77264851,6795.78817875,-5.828e-05,11.16305542,3.1554904,0.06851382,47.47240067,0.02796782,15.09729348,0.00993616,0.00088117,0.26556832,0
../data/raw/pump/id_00/normal/00000942.wav,0.00010106,0.81484264,9467.2582014,-5.92e-05,10.51389885,3.10776329,0.07831532,33.0530014,0.04346275,14.94786164,0.01000885,0.00066075,0.26841253,0
../data/raw/pump/id_00/normal/00000802.wav,8.805e-05,0.69992393,7887.38761068,-5.106e-05,9.38216209,3.50368929,0.06731261,53.19605637,0.03171445,15.13120391,0.00931685,0.00094886,0.26267378,0
../data/raw/pump/id_00/normal/00000984.wav,0.00010008,1.21229422,12178.70222748,-5.758e-05,10.68166924,3.44623661,0.06927666,42.63653946,0.0483295,15.05185371,0.00996311,0.00065092,0.2583977,0
../data/raw/pump/id_00/normal/00000386.wav,9.535e-05,1.27790904,11465.84454691,-5.533e-05,10.29443073,3.35412645,0.07601431,41.34913254,0.04007378,15.1137082,0.00972855,0.00057334,0.2639137,0
../data/raw/pump/id_00/normal/00000576.wav,9.209e-05,0.86075109,12799.64271289,-4.896e-05,11.56112289,4.00585985,0.06537353,61.36858368,0.02643119,15.91602612,0.00953267,0.00089438,0.25780239,0
../data/raw/pump/id_00/normal/00000425.wav,0.00010041,0.74899739,6324.33440015,-5.87e-05,10.39312935,3.46605325,0.06759029,39.48687363,0.02152246,14.69950669,0.00995757,0.00093766,0.26422873,0
../data/raw/pump/id_00/normal/00000610.wav,9.421e-05,0.68628269,16336.40328481,-4.587e-05,13.03799057,4.35535526,0.05661566,90.80470276,0.0228899,16.19157133,0.00951944,0.0017886,0.25930551,0
../data/raw/pump/id_00/normal/00000300.wav,8.653e-05,0.70555913,8992.49926064,-4.383e-05,7.1147418,3.35496259,0.09762349,85.09501648,0.05172944,16.15065162,0.00920813,0.00116543,0.2703339,0
../data/raw/pump/id_00/normal/00000963.wav,9.081e-05,1.3434962,7241.26200124,-5.095e-05,7.08020163,3.78833938,0.07219386,43.10598755,0.02744532,15.5646845,0.00947682,0.00075707,0.26450043,0
../data/raw/pump/id_00/normal/00000679.wav,9.875e-05,1.06149971,7009.83273712,-5.768e-05,10.0780468,3.87269568,0.06933438,44.33457565,0.02748864,15.09522407,0.00989545,0.00063507,0.27123601,0
../data/raw/pump/id_00/normal/00000689.wav,7.842e-05,0.54573405,6373.10779103,-4.405e-05,18.77338791,3.35473323,0.10505223,59.44067383,0.04163294,17.15478688,0.00879588,0.00086168,0.27349956,0
../data/raw/pump/id_00/normal/00000776.wav,7.695e-05,0.26152837,20463.65491207,-5.275e-05,11.37026787,3.20932317,0.14689622,22.45219994,0.07539251,15.69272182,0.00864951,0.00135788,0.26762826,0
../data/raw/pump/id_00/normal/00000533.wav,7.186e-05,0.555453,6526.85588754,-4.242e-05,16.70470238,3.45744848,0.12769569,52.99382782,0.06329508,16.77490566,0.00842065,0.0008089,0.27619982,0
../data/raw/pump/id_00/normal/00000274.wav,9.559e-05,0.92008895,19903.60640492,-4.879e-05,7.20435333,3.87238908,0.06468089,80.97647095,0.03187725,15.2278418,0.00970984,0.00099732,0.26234477,0
../data/raw/pump/id_00/normal/00000438.wav,9.873e-05,1.03779554,7606.48364972,-5.759e-05,12.44559669,3.1271379,0.06925482,41.7615509,0.02750428,15.24592426,0.00989826,0.0006208,0.27053444,0
../data/raw/pump/id_00/normal/00000398.wav,9.768e-05,1.03191257,11205.9193456,-5.632e-05,8.00077438,3.02660775,0.0780782,43.74782181,0.04363037,15.01986201,0.00983896,0.00074283,0.2717557,0
../data/raw/pump/id_00/normal/00000995.wav,9.92e-05,1.47090018,10142.5220469,-5.727e-05,9.67178535,3.05107236,0.06930942,47.51543045,0.05519052,14.95739162,0.0099143,0.00072709,0.25337119,0
../data/raw/pump/id_00/normal/00000123.wav,0.00010398,0.81152427,12019.88301329,-5.994e-05,13.69458008,3.68817973,0.08505298,41.71692276,0.0508005,14.79075934,0.01014867,0.00077438,0.25688368,0
../data/raw/pump/id_00/normal/00000042.wav,0.0001003,2.2900691,16243.92369862,-4.709e-05,12.51948738,4.13056898,0.09571873,62.39699554,0.05751998,16.88967329,0.00991031,0.00126602,0.25834235,0
../data/raw/pump/id_00/normal/00000682.wav,8.822e-05,2.26061249,5754.21876719,-4.471e-05,18.53226852,3.46616793,0.10162178,57.07964706,0.03528021,17.60892375,0.00933942,0.00080788,0.2746228,0
../data/raw/pump/id_00/normal/00000209.wav,9.288e-05,0.77104062,20956.98570516,-4.819e-05,14.25090599,4.28012562,0.0625546,52.96089935,0.03102156,15.15485147,0.00959337,0.00073386,0.25732481,0
../data/raw/pump/id_00/normal/00000378.wav,7.449e-05,0.7771914,5767.64671503,-4.324e-05,15.89718437,3.59160614,0.10574175,45.73363495,0.04057034,17.09823674,0.00857958,0.00076968,0.26341257,0
../data/raw/pump/id_00/normal/00000694.wav,9.545e-05,0.75737184,10390.97371402,-4.976e-05,11.8865118,3.86996841,0.05835507,66.0184021,0.01969477,15.49265229,0.00970232,0.00099654,0.25425857,0
../data/raw/pump/id_00/abnormal/00000085.wav,0.00015327,1.1394037,17208.41175555,-7.238e-05,12.30471992,3.67531013,0.10005398,34.52097321,0.07291919,14.97734963,0.01215395,0.00222667,0.24763646,1
../data/raw/pump/id_00/normal/00000982.wav,9.228e-05,2.59628558,7281.13586424,-4.347e-05,0.74963593,3.6428225,0.0854851,81.5923233,0.04173712,16.55737617,0.00952678,0.00106805,0.263243,0
../data/raw/pump/id_00/normal/00000835.wav,0.0001017,1.40844011,10164.0767806,-5.779e-05,11.74782848,3.65911317,0.07281631,47.88287354,0.03667853,15.105499,0.0100416,0.00068819,0.25265177,0
../data/raw/pump/id_00/normal/00000579.wav,9.22e-05,1.15671754,8770.52413665,-4.783e-05,9.61474895,3.62945509,0.06771041,80.35092926,0.02772888,16.38512705,0.00949026,0.00131405,0.26688643,0
../data/raw/pump/id_00/normal/00000991.wav,9.717e-05,0.56484187,6207.36777223,-5.861e-05,7.07897949,3.09819961,0.08038389,32.26268387,0.0335724,14.77497132,0.00982623,0.00052659,0.26908552,0
../data/raw/pump/id_00/normal/00000571.wav,8.908e-05,0.88024014,5510.04984108,-4.569e-05,10.37022209,3.78365183,0.09067835,62.38605881,0.04785179,16.0260709,0.00937676,0.0008836,0.27131374,0
../data/raw/pump/id_00/normal/00000267.wav,7.905e-05,2.37450647,7818.30568763,-4.057e-05,12.75266838,3.67884398,0.10729863,78.81629181,0.04843267,17.22739336,0.00876465,0.00137764,0.2716726,0
../data/raw/pump/id_00/normal/00000019.wav,9.714e-05,1.87713611,15207.93927085,-5.205e-05,8.56684017,3.82309771,0.09663601,35.51808548,0.07202922,14.48302911,0.00981357,0.00061767,0.24402913,0
../data/raw/pump/id_00/normal/00000978.wav,0.00011193,5.89444828,21812.83380718,-4.571e-05,11.70236397,3.81037951,0.04554432,77.83652496,0.03786987,15.43639402,0.01052168,0.00079921,0.24381914,0
../data/raw/pump/id_00/normal/00000748.wav,9.484e-05,1.4284488,14701.9922815,-4.96e-05,10.19908428,4.22097015,0.06014751,47.21359253,0.03087936,15.80079094,0.00968725,0.00079077,0.25764608,0
../data/raw/pump/id_00/normal/00000529.wav,7.665e-05,0.67376888,5998.72445496,-4.24e-05,15.97611713,3.60339618,0.10290878,70.81762695,0.04081937,17.32386122,0.00866402,0.00104852,0.26585188,0
../data/raw/pump/id_00/normal/00000074.wav,7.846e-05,0.8029995,10779.1811944,-4.679e-05,14.27846527,4.05179071,0.11371493,47.17113876,0.05419419,16.60215992,0.00880667,0.00077003,0.25824441,0
../data/raw/pump/id_00/normal/00000244.wav,9.941e-05,0.57571214,10190.22477453,-5.603e-05,9.53002071,3.49897265,0.07168686,44.23655701,0.03648597,14.77164892,0.0099197,0.00077612,0.27126046,0
../data/raw/pump/id_00/abnormal/00000020.wav,0.00021061,1.46868098,20078.90045543,-8.275e-05,11.51141548,3.52731276,0.09725689,47.3000679,0.07513677,15.11732463,0.01398146,0.00379758,0.2581458,1
../data/raw/pump/id_00/normal/00000157.wav,8.477e-05,0.90925652,12366.72579914,-4.757e-05,19.1363945,4.37984324,0.10792108,42.84457397,0.05603681,16.85655938,0.00910176,0.00124934,0.26662644,0
../data/raw/pump/id_00/normal/00000554.wav,8.919e-05,0.87151235,14115.1754929,-4.451e-05,6.40017891,4.35003901,0.09774361,68.07246399,0.05140776,16.49828334,0.00937867,0.00097312,0.27217645,0
../data/raw/pump/id_00/normal/00000532.wav,8.803e-05,0.56025451,5353.47702164,-5.232e-05,2.15303802,2.88036752,0.08054457,38.97031784,0.02354041,15.50513129,0.00933864,0.00069203,0.27200307,0
../data/raw/pump/id_00/normal/00000809.wav,7.084e-05,0.53113312,5335.86771813,-4.469e-05,10.35720444,3.50269437,0.09952045,47.15942764,0.03503646,16.83657158,0.00837569,0.00066794,0.27560917,0
../data/raw/pump/id_00/normal/00000741.wav,8.789e-05,1.74982452,18837.51213989,-4.166e-05,10.79017353,3.60061789,0.07870532,70.05254364,0.0874109,17.15718938,0.00930294,0.00099766,0.26386645,0
../data/raw/pump/id_00/normal/00000313.wav,9.708e-05,0.91039616,7673.04305642,-5.752e-05,10.06067085,3.03323531,0.07958204,38.51008224,0.04366905,14.65821841,0.00981421,0.00065839,0.26973637,0
../data/raw/pump/id_00/normal/00000696.wav,9.498e-05,0.48284101,34105.01981308,-4.61e-05,18.47441101,4.61424637,0.06571361,100.61610413,0.04121313,16.18302878,0.00917301,0.00321252,0.25890486,0
../data/raw/pump/id_00/abnormal/00000108.wav,0.00021045,2.24413729,53632.79697097,-7.248e-05,10.36426544,3.913064,0.1091956,61.67461777,0.09932598,16.06892142,0.0136082,0.00497198,0.24266903,1
../data/raw/pump/id_00/normal/00000217.wav,9.178e-05,1.33748519,11438.55278527,-4.462e-05,5.8138113,3.55315232,0.09708841,71.7557373,0.07426276,16.65895743,0.00949773,0.00109441,0.26032907,0
../data/raw/pump/id_00/normal/00000256.wav,7.361e-05,1.19985175,10663.67193466,-4.234e-05,12.09704018,3.28460646,0.10590243,52.92137909,0.06957141,17.18771403,0.00851313,0.000908,0.26801024,0
../data/raw/pump/id_00/normal/00000560.wav,7.853e-05,0.89918125,5124.79995231,-4.468e-05,11.27687263,3.10343623,0.10011326,51.9090538,0.04199937,17.1318891,0.00881093,0.0007742,0.27016131,0
../data/raw/pump/id_00/normal/00000871.wav,4.958e-05,0.13735551,4505.95566771,-3.831e-05,9.23412895,3.73792195,0.25359425,15.77059937,0.12155168,14.22637916,0.00701684,0.00038352,0.27642187,0
../data/raw/pump/id_00/normal/00000617.wav,0.00010041,2.12403536,15761.89021278,-4.733e-05,17.06728363,5.24485016,0.04761132,83.6001358,0.04052819,15.12427277,0.00993602,0.00102945,0.26047555,0
../data/raw/pump/id_00/normal/00000432.wav,8.789e-05,0.44214684,15112.99123918,-4.886e-05,10.8167448,3.7641089,0.06976026,81.39642334,0.05252754,16.45826659,0.00930328,0.00097588,0.26767934,0
../data/raw/pump/id_00/abnormal/00000073.wav,0.00012211,0.46224144,21234.24978853,-6.459e-05,4.78706551,3.47760057,0.16746799,40.54792023,0.14078754,15.35480253,0.01075944,0.00242578,0.2563127,1
../data/raw/pump/id_00/normal/00000285.wav,8.009e-05,0.8745566,7850.47239649,-4.288e-05,12.0231657,3.20528245,0.1030523,67.8910675,0.03998335,17.15641282,0.00889154,0.00088199,0.27257183,0
../data/raw/pump/id_00/normal/00000939.wav,9.121e-05,0.51471645,16518.02757938,-5.098e-05,7.0292778,3.52678108,0.08158197,57.27166367,0.05229659,15.66052182,0.00924004,0.00232765,0.25656535,0
../data/raw/pump/id_00/normal/00000637.wav,9.748e-05,0.87961841,7553.33480951,-5.743e-05,10.1609211,3.0123322,0.07252147,42.03221512,0.03137029,15.09641161,0.00982836,0.00066127,0.27517653,0
../data/raw/pump/id_00/normal/00000462.wav,8.382e-05,0.95019162,7297.70416299,-4.328e-05,13.35522652,4.05098295,0.10270754,73.63820648,0.04496811,17.38001819,0.00906079,0.00118168,0.27258558,0
../data/raw/pump/id_00/normal/00000138.wav,7.763e-05,0.71701467,11522.40820514,-4.662e-05,13.52753258,4.08594799,0.11866014,48.53563309,0.06734784,16.47818539,0.00875911,0.0007845,0.25186957,0
../data/raw/pump/id_00/normal/00000958.wav,0.00010045,1.72976339,9537.85138636,-5.713e-05,11.69801426,3.5177002,0.07278511,51.63967133,0.03687345,15.15744554,0.00997992,0.00062309,0.25958423,0
../data/raw/pump/id_00/normal/00000039.wav,9.753e-05,2.42110991,17616.41636452,-4.645e-05,12.27942276,4.4544034,0.09777013,57.889534,0.13214943,16.7278388,0.00980804,0.00099024,0.25757795,0
../data/raw/pump/id_00/normal/00000574.wav,7.647e-05,0.6252768,5750.48166602,-4.548e-05,13.97268486,3.34441185,0.10091822,55.76334,0.03569657,16.70865283,0.00868431,0.00088695,0.26981616,0
../data/raw/pump/id_00/abnormal/00000102.wav,0.00021469,1.46843338,19997.46775733,-8.188e-05,9.37332535,3.47115064,0.09452532,44.67646408,0.06219671,14.92209711,0.01397666,0.00432664,0.25303512,1
../data/raw/pump/id_00/normal/00000502.wav,8.728e-05,0.75445825,7410.30103261,-4.676e-05,13.44219208,3.56192493,0.09910237,65.95896912,0.044135,16.74214239,0.00927586,0.00095542,0.27697731,0
../data/raw/pump/id_00/normal/00000291.wav,8.761e-05,2.70526028,10816.52025779,-4.142e-05,6.0426054,3.61155295,0.09287016,57.35857391,0.04702515,16.70925137,0.00930174,0.00088646,0.26581222,0
../data/raw/pump/id_00/normal/00000426.wav,9.759e-05,3.79554796,18767.38392999,-4.554e-05,11.11642647,3.99188614,0.05361734,71.86489105,0.03580661,15.83949385,0.0098417,0.00058292,0.25380666,0
../data/raw/pump/id_00/normal/00000177.wav,0.00010528,1.98991084,14691.59708353,-5.881e-05,11.31050777,3.63283753,0.08236041,48.03780365,0.05475447,14.91458396,0.01021098,0.0007621,0.25747745,0
../data/raw/pump/id_00/abnormal/00000087.wav,0.00017208,1.67607009,23867.40883021,-7.417e-05,9.09041309,3.77179623,0.09664381,41.14393997,0.0832289,14.87790294,0.01276938,0.00290342,0.23640216,1
../data/raw/pump/id_00/normal/00000022.wav,7.758e-05,0.72399384,16184.77671263,-4.651e-05,19.75112724,4.14345551,0.11089444,43.62950897,0.06618831,16.84867549,0.00875769,0.00077209,0.25518719,0
../data/raw/pump/id_00/normal/00000102.wav,7.811e-05,2.6081202,14777.5871736,-4.355e-05,11.06356525,4.13008022,0.11098804,55.16930771,0.06442484,16.57232578,0.00879242,0.00073941,0.24672976,0
../data/raw/pump/id_00/normal/00000036.wav,0.00010342,0.89238608,15862.77465703,-6.065e-05,11.22898388,3.8884306,0.08928371,39.63398361,0.0581386,14.99050215,0.01012414,0.00069285,0.25674734,0
../data/raw/pump/id_00/normal/00000602.wav,9.369e-05,0.5608995,6674.50574231,-5.286e-05,11.17706299,3.41387749,0.06935154,54.15574265,0.02361794,15.09222379,0.00962526,0.00085995,0.27052345,0
../data/raw/pump/id_00/normal/00000792.wav,8.065e-05,0.64276147,7419.12358279,-4.256e-05,5.05881882,2.90511703,0.12566144,54.06256104,0.07491341,16.98102658,0.00891418,0.00089911,0.27377874,0
../data/raw/pump/id_00/normal/00000821.wav,0.00010468,1.43960798,15837.26215964,-5.926e-05,9.65118313,3.49186778,0.07597219,41.27651978,0.07510162,15.03775228,0.01018728,0.00070329,0.25242712,0
../data/raw/pump/id_00/normal/00000190.wav,7.911e-05,1.04503191,15078.84870031,-4.741e-05,13.48774242,4.09829855,0.11405345,46.21092606,0.08262329,16.59833872,0.00885236,0.00066213,0.25890362,0
../data/raw/pump/id_00/normal/00000646.wav,9.242e-05,0.69339526,10190.19818315,-5.202e-05,6.25473881,3.83952236,0.06685709,53.03663254,0.02964881,15.06957095,0.00956284,0.00074816,0.26196829,0
../data/raw/pump/id_00/normal/00000284.wav,9.388e-05,1.52648795,21320.22025597,-4.731e-05,10.58245277,3.62414122,0.06058588,50.18435287,0.04864933,15.87784191,0.00964268,0.00074534,0.24944714,0
../data/raw/pump/id_00/normal/00000018.wav,7.599e-05,1.35712159,17357.38683727,-4.312e-05,20.12004852,4.14731312,0.11066668,56.10991287,0.08483794,17.00218727,0.00866771,0.00078046,0.24912658,0
../data/raw/pump/id_00/abnormal/00000119.wav,6.963e-05,0.71357018,4832.60247463,-4.303e-05,12.21318531,3.58377147,0.10423479,53.5935936,0.03429079,16.96379251,0.00829543,0.00072969,0.26455314,1
../data/raw/pump/id_00/normal/00000919.wav,0.00010074,1.16461778,32519.75920844,-4.877e-05,12.42928886,4.35184336,0.05423978,82.89069366,0.05595771,14.79907738,0.00994479,0.00118911,0.22766183,0
../data/raw/pump/id_00/normal/00000474.wav,9.762e-05,1.03675711,12891.8531641,-5.691e-05,13.88659859,3.4411006,0.07339507,39.95228958,0.07932678,14.90808874,0.00983811,0.00065057,0.26797339,0
../data/raw/pump/id_00/normal/00000823.wav,0.00010314,1.26008034,8835.02549591,-5.823e-05,10.52886295,3.39075541,0.07969124,42.83052444,0.04543156,14.80411887,0.01011198,0.00070175,0.23875511,0
../data/raw/pump/id_00/normal/00000056.wav,0.00010693,1.44005096,22751.93322266,-5.817e-05,11.14152241,4.31182766,0.0776648,44.86465836,0.06476409,14.71874727,0.01029267,0.00076419,0.24429639,0
../data/raw/pump/id_00/normal/00000441.wav,9.152e-05,0.92179888,9196.76009023,-5.055e-05,7.31829453,3.52404213,0.07043418,57.46356201,0.02790149,15.583657,0.00951371,0.00083892,0.2609927,0
../data/raw/pump/id_00/normal/00000240.wav,6.466e-05,0.22946118,262987.95464299,-4.293e-05,14.75449753,4.75666618,0.16477698,36.16288757,0.33840787,16.02427793,0.0079847,0.0008109,0.25793873,0
../data/raw/pump/id_00/normal/00000781.wav,7.152e-05,2.3189342,3567.63697146,-4.099e-05,12.12911415,3.55643511,0.09870457,53.87850952,0.02379421,16.76486119,0.00841999,0.00058775,0.27723088,0
../data/raw/pump/id_00/abnormal/00000025.wav,0.00031157,1.44466603,13497.12233476,-9.708e-05,8.00974178,2.98202443,0.08343681,59.59031296,0.03991679,15.21845819,0.01665382,0.00571973,0.26678953,1
../data/raw/pump/id_00/abnormal/00000058.wav,0.00026518,1.10417414,6314.57139831,-0.00010035,8.56907272,3.31325889,0.09162215,35.72654343,0.02585666,15.26168456,0.01601655,0.00273866,0.27596468,1
../data/raw/pump/id_00/normal/00000818.wav,9.98e-05,1.14054358,15014.38822423,-5.693e-05,15.88741398,3.82797265,0.07630916,78.1784668,0.04897137,14.93007544,0.00986857,0.001411,0.25846661,0
../data/raw/pump/id_00/normal/00000377.wav,7.615e-05,1.45427167,12751.46228364,-4.206e-05,14.95589638,3.72145247,0.10754356,58.15448761,0.0655486,17.28863178,0.00864328,0.00107138,0.27219787,0
../data/raw/pump/id_00/abnormal/00000122.wav,9.424e-05,1.05897951,1683.32217097,-5.541e-05,11.22756767,2.85678935,0.0620476,50.5513649,0.00629939,15.6660345,0.00966878,0.00057514,0.28064739,1
../data/raw/pump/id_00/normal/00000977.wav,8.702e-05,1.13493145,12688.52781371,-4.377e-05,13.77980042,3.31669068,0.10517547,82.52924347,0.0675546,17.13010218,0.00922269,0.00127285,0.2581608,0
../data/raw/pump/id_00/normal/00000530.wav,0.00010416,1.61591375,7510.38369563,-5.513e-05,12.35186386,3.42557597,0.06173872,62.20611572,0.02553492,15.06546093,0.01015068,0.0008148,0.26252649,0
../data/raw/pump/id_00/normal/00000309.wav,6.873e-05,0.53169537,9501.4075735,-4.388e-05,11.77580261,3.53168821,0.10590867,43.83870697,0.06689142,16.84933411,0.00823353,0.00081091,0.27073274,0
../data/raw/pump/id_00/normal/00000060.wav,9.655e-05,0.70445877,19309.85905503,-5.394e-05,10.10593033,3.74576616,0.09040535,41.08782196,0.07357818,15.14177478,0.00977832,0.00068229,0.26238816,0
../data/raw/pump/id_00/abnormal/00000124.wav,9.541e-05,3.52274489,3870.04071838,-4.16e-05,11.44603157,3.23680115,0.03459153,107.85607147,0.00674243,16.06144165,0.00968629,0.00113331,0.27581617,1
../data/raw/pump/id_00/normal/00000496.wav,0.00010127,1.47065079,9496.29004292,-5.683e-05,12.81886005,3.39334202,0.06605681,48.41386032,0.03217106,15.28088457,0.01002061,0.00066545,0.26507123,0
../data/raw/pump/id_00/abnormal/00000123.wav,9.282e-05,1.75571799,2320.65312453,-5.436e-05,8.10575962,2.46708488,0.06463097,57.34209061,0.00974753,15.44300566,0.00959608,0.00060014,0.27952355,1
../data/raw/pump/id_00/normal/00000717.wav,8.819e-05,1.3700155,31052.24479198,-4.203e-05,16.14004898,3.57346249,0.08150553,76.05556488,0.08420146,15.04613731,0.00931422,0.00103932,0.27196451,0
../data/raw/pump/id_00/normal/00000301.wav,8.891e-05,1.04251444,17794.64506541,-4.933e-05,10.31259346,3.45466113,0.07692692,50.57797623,0.03269571,15.86259203,0.00938705,0.00067553,0.26273546,0
../data/raw/pump/id_00/normal/00000774.wav,8.534e-05,0.80729544,5654.40208283,-4.515e-05,11.20396233,3.18931794,0.09828493,71.49040222,0.03388535,17.2368297,0.00916653,0.00098753,0.27335922,0
../data/raw/pump/id_00/normal/00000900.wav,7.199e-05,1.57563531,11077.47732617,-4.378e-05,8.2551918,3.87022638,0.10515831,53.14705658,0.05242389,16.94003999,0.00844379,0.00062514,0.23858458,0
../data/raw/pump/id_00/normal/00000081.wav,0.00010488,1.58095396,13112.41320934,-5.891e-05,14.14393997,3.5127058,0.0850249,44.66064835,0.08280508,15.17955448,0.01018902,0.00080645,0.25520767,0
../data/raw/pump/id_00/normal/00000188.wav,0.00010425,1.30925834,18909.44723657,-5.886e-05,12.42536449,3.73334122,0.08586418,42.65670776,0.06587877,15.14924228,0.01016289,0.00073114,0.24799005,0
../data/raw/pump/id_00/normal/00000516.wav,9.214e-05,1.029953,13263.89426252,-5.026e-05,11.86203861,3.77908587,0.06559349,61.34274673,0.03197808,15.61685208,0.0095445,0.00072467,0.24750889,0
../data/raw/pump/id_00/normal/00000147.wav,0.00010112,0.90831029,27139.30888928,-5.957e-05,10.03110886,3.57281899,0.10340018,35.13192368,0.10134244,15.31064983,0.0100043,0.00078028,0.25240694,0
../data/raw/pump/id_00/normal/00000294.wav,9.022e-05,0.86957145,15587.94071867,-4.791e-05,10.14106178,3.62679529,0.07271959,66.88021088,0.03563645,15.64340189,0.00943378,0.00086388,0.26209618,0
../data/raw/pump/id_00/abnormal/00000011.wav,0.00020248,2.87603211,30613.43225613,-7.459e-05,11.2354641,4.13077021,0.09985118,52.92131042,0.07174706,16.13372183,0.01376015,0.00351869,0.2502778,1
../data/raw/pump/id_00/normal/00000874.wav,9.99e-05,0.82742792,7645.42251342,-5.904e-05,9.56847191,3.02073383,0.079802,40.67609024,0.03455864,14.97607157,0.00995125,0.00072057,0.26943253,0
../data/raw/pump/id_00/normal/00000829.wav,0.00010155,0.80153859,23608.51525161,-5.097e-05,12.70718575,4.43898106,0.05968419,64.58821869,0.04119527,14.71868605,0.00999694,0.00107684,0.23348187,0
../data/raw/pump/id_00/normal/00000922.wav,9.93e-05,1.42567515,11913.81962403,-5.775e-05,8.9161396,3.23128295,0.0780626,45.97402573,0.05159269,14.97307631,0.00991994,0.00069425,0.27177874,0
../data/raw/pump/id_00/normal/00000354.wav,8.698e-05,0.51645035,10623.19462032,-4.994e-05,4.80019045,3.11032724,0.08899355,44.55420303,0.07153483,14.811048,0.00928017,0.00070479,0.26696084,0
../data/raw/pump/id_00/normal/00000924.wav,9.77e-05,1.10886037,15841.92050079,-5.792e-05,12.33163071,3.52743769,0.07600807,43.09851837,0.05062381,14.91114619,0.00983921,0.00069813,0.25408577,0
../data/raw/pump/id_00/normal/00000472.wav,9.852e-05,1.20974112,5830.53473933,-5.759e-05,5.91216373,2.9546504,0.07496443,42.47957993,0.04795633,14.77089181,0.0098793,0.00069965,0.27105605,0
../data/raw/pump/id_00/normal/00000615.wav,9.191e-05,0.86403549,11948.73018046,-5.025e-05,10.28497124,4.14872122,0.0700239,70.12321472,0.02396733,15.83854363,0.00950235,0.00113902,0.2654095,0
../data/raw/pump/id_00/normal/00000775.wav,7.16e-05,0.63115758,6556.99058435,-4.376e-05,15.98112774,3.53996062,0.11101612,68.44940948,0.05943882,16.5615698,0.00840198,0.00080632,0.27050894,0
../data/raw/pump/id_00/normal/00000497.wav,9.435e-05,0.92664343,9324.01793353,-5.758e-05,13.57484245,3.81833243,0.0798098,35.36921692,0.03584274,15.26983921,0.00962791,0.00110731,0.26918286,0
../data/raw/pump/id_00/normal/00000737.wav,0.00010022,1.03247523,4759.05212182,-5.831e-05,10.74574661,3.40568709,0.07406431,42.45709229,0.02275862,14.92617384,0.00997389,0.00058357,0.27298131,0
../data/raw/pump/id_00/normal/00000729.wav,8.385e-05,0.83150107,5227.90827242,-5.343e-05,10.81308746,3.16547585,0.10554987,35.78279495,0.0516646,14.76708956,0.00911622,0.00066017,0.27987874,0
../data/raw/pump/id_00/normal/00000236.wav,8.272e-05,0.60710037,14783.13534735,-4.459e-05,19.75687027,3.55483103,0.10578855,60.82951736,0.09292348,17.10239021,0.00902507,0.00098729,0.26308795,0
../data/raw/pump/id_00/normal/00000512.wav,9.632e-05,1.46821523,11766.76779803,-5.745e-05,14.75996017,3.26622963,0.08476126,48.12032318,0.04576777,15.44654825,0.00977607,0.00061656,0.27470488,0
../data/raw/pump/id_00/normal/00000021.wav,7.568e-05,1.19850814,10584.23617852,-4.625e-05,15.22218895,3.83844376,0.11499257,41.03306961,0.05679396,16.58406535,0.00865501,0.00067823,0.25003339,0
../data/raw/pump/id_00/normal/00000863.wav,7.87e-05,1.07947922,9136.14903465,-4.389e-05,19.71174622,3.8701961,0.10313498,58.20536804,0.06077657,16.71977441,0.00881806,0.00078614,0.2475803,0
../data/raw/pump/id_00/normal/00000207.wav,9.727e-05,1.0555315,13541.73991224,-5.709e-05,11.11401272,3.34546947,0.07657436,43.02618027,0.04799206,14.87690713,0.00981794,0.00070181,0.26564766,0
../data/raw/pump/id_00/normal/00000665.wav,9.626e-05,0.91647071,14906.08051084,-4.894e-05,14.60651207,4.50917101,0.05239897,63.46147156,0.03137293,15.31812765,0.00974361,0.00096024,0.24380026,0
../data/raw/pump/id_00/normal/00000046.wav,6.417e-05,0.40794107,37287.43277782,-3.949e-05,13.7647686,4.63266754,0.21584215,34.14767075,0.20196097,16.62208777,0.00789211,0.00129092,0.27031378,0
../data/raw/pump/id_00/normal/00000010.wav,7.743e-05,1.30771387,18543.0787771,-4.336e-05,16.37797737,4.27937317,0.11072752,50.1003418,0.11321754,17.12391936,0.00874032,0.00088845,0.26638016,0
../data/raw/pump/id_00/normal/00000642.wav,9.645e-05,2.91508555,15920.35275081,-4.67e-05,12.79424858,4.76441908,0.04895293,70.22438812,0.01929314,15.42289351,0.00977825,0.00065471,0.25938509,0
../data/raw/pump/id_00/normal/00000385.wav,0.00010143,0.83301771,16162.60767996,-5.515e-05,9.81528473,3.35221481,0.06524717,55.05136108,0.04370037,15.05709255,0.01001362,0.00083137,0.25558654,0
../data/raw/pump/id_00/normal/00000119.wav,0.00010394,1.27145898,12925.81897964,-5.934e-05,9.3549118,3.43034387,0.08667382,39.09931564,0.07004601,15.00010752,0.01014656,0.00071732,0.25428501,0
../data/raw/pump/id_00/abnormal/00000071.wav,0.00016177,1.03400993,17274.27356035,-7.322e-05,10.96992302,3.78773117,0.09887617,44.45644379,0.06455365,14.83218397,0.01236572,0.00288555,0.2470068,1
../data/raw/pump/id_00/normal/00000004.wav,8.538e-05,1.07171798,14990.25582136,-4.906e-05,15.27552414,4.54811716,0.11237177,40.71453094,0.07687557,16.56085352,0.00919194,0.000727,0.2457267,0
../data/raw/pump/id_00/normal/00000648.wav,8.985e-05,1.49218106,7834.08317412,-5.111e-05,7.12646103,3.37117267,0.07165098,70.24555969,0.03706546,15.41698509,0.0094255,0.0008394,0.26488567,0
../data/raw/pump/id_00/normal/00000423.wav,9.985e-05,1.49504626,6404.84099893,-5.678e-05,11.35925293,3.14554048,0.07130466,46.5341301,0.03008218,15.42489069,0.00994936,0.00068922,0.27286439,0
../data/raw/pump/id_00/normal/00000884.wav,9.515e-05,3.12970257,14678.70487314,-4.334e-05,5.86809731,3.73224831,0.07790348,69.16020203,0.04545732,16.69837452,0.00966677,0.0011449,0.255024,0
../data/raw/pump/id_00/normal/00000057.wav,0.00010502,0.99522686,20266.82968631,-5.822e-05,13.91111279,4.10290337,0.08350857,54.15917587,0.10221986,14.95363737,0.01018702,0.00091367,0.24758598,0
../data/raw/pump/id_00/normal/00000134.wav,0.00010429,0.9530068,21952.34954143,-5.94e-05,10.55852699,4.28794098,0.08189553,45.95688629,0.05205307,14.80534586,0.01016531,0.00069715,0.26016805,0
../data/raw/pump/id_00/normal/00000241.wav,7.004e-05,0.65000457,6878.14468253,-4.245e-05,11.32152367,3.59508109,0.11444813,57.41239166,0.06550382,16.82803525,0.00832184,0.0007135,0.27103791,0
../data/raw/pump/id_00/normal/00000082.wav,7.868e-05,0.47676685,5565.8845025,-5.279e-05,9.01866722,2.94947815,0.16739779,23.21684265,0.09342838,14.60963787,0.00882941,0.00064248,0.26480802,0
../data/raw/pump/id_00/normal/00000527.wav,4.511e-05,0.23210853,20598.53536474,-3.512e-05,1.85311556,3.73941255,0.26079835,16.78148651,0.13949165,15.57298768,0.00669108,0.00039057,0.27987494,0
../data/raw/pump/id_00/abnormal/00000050.wav,0.00025951,0.63902551,13655.53055598,-9.956e-05,4.88157511,3.08597517,0.10404291,31.36905479,0.05674013,15.11188077,0.01585507,0.00262787,0.27312652,1
../data/raw/pump/id_00/normal/00000347.wav,9.166e-05,0.67754304,17075.98063789,-4.879e-05,9.32838631,3.55589008,0.06289936,49.63536453,0.03830739,15.10273787,0.00952396,0.00078426,0.26192762,0
../data/raw/pump/id_00/normal/00000770.wav,8.143e-05,0.47316116,26427.03708712,-5.104e-05,12.67584419,3.39204121,0.10589775,51.27095413,0.06143294,14.95891124,0.00850488,0.00297294,0.2638252,0
../data/raw/pump/id_00/normal/00000133.wav,9.242e-05,0.94201916,14883.74591496,-4.879e-05,12.7419281,3.98283482,0.10981804,60.72570038,0.09895545,16.68915945,0.00954264,0.00101681,0.25051587,0
../data/raw/pump/id_00/normal/00001001.wav,7.446e-05,0.78640723,9463.81202483,-4.5e-05,10.40421867,3.39914536,0.10763092,46.85977173,0.04834365,16.67958386,0.00858085,0.00069811,0.25853316,0
../data/raw/pump/id_00/normal/00000562.wav,9.29e-05,1.00730634,15111.8678717,-4.953e-05,10.86472797,3.88187075,0.06530021,60.93659973,0.02106427,15.77423258,0.00958209,0.00085745,0.26596846,0
../data/raw/pump/id_00/normal/00000164.wav,9.078e-05,0.52524501,9696.59833991,-5.779e-05,14.31266975,3.40127134,0.12954429,33.16450882,0.08536176,14.84583303,0.00946475,0.0009405,0.26506682,0
../data/raw/pump/id_00/abnormal/00000059.wav,0.0001311,0.73075038,26920.07570566,-6.184e-05,16.6051178,3.77400875,0.12178015,38.93940353,0.09909509,16.02929728,0.01119319,0.00232079,0.23104674,1
../data/raw/pump/id_00/normal/00000561.wav,8.253e-05,1.07165289,6349.52325782,-4.427e-05,16.09377098,3.67629862,0.09796825,53.57302475,0.03288269,17.30420592,0.00903071,0.00080656,0.27246854,0
../data/raw/pump/id_00/normal/00000132.wav,8.465e-05,0.8142072,14960.0421734,-4.825e-05,13.75423813,4.11839819,0.11021584,45.53694153,0.09251182,16.77587284,0.00915728,0.00068219,0.25872221,0
../data/raw/pump/id_00/normal/00000071.wav,0.0001016,1.32849419,18716.51114294,-5.884e-05,14.22790241,4.47904205,0.09176255,39.79277802,0.06571438,14.79497954,0.01003622,0.00063353,0.26118274,0
../data/raw/pump/id_00/normal/00000760.wav,8.546e-05,0.62484372,68089.21209111,-4.273e-05,16.38714218,4.78031731,0.07347463,87.35718536,0.0825122,15.95988864,0.00851165,0.00357449,0.22946709,0
../data/raw/pump/id_00/normal/00000810.wav,8.262e-05,0.25679046,101941.78591832,-5.458e-05,16.3664093,3.69077969,0.11312057,43.76060486,0.11352862,15.01108766,0.00886873,0.00191192,0.26329648,0
../data/raw/pump/id_00/normal/00000220.wav,8.82e-05,0.96300352,13157.18212976,-4.942e-05,7.30641174,3.52486348,0.07144506,66.85625458,0.04412955,15.09534817,0.00933864,0.00082172,0.26012825,0
../data/raw/pump/id_00/normal/00000473.wav,9.992e-05,1.54855227,5655.16752298,-5.698e-05,11.44350243,3.1089406,0.0691113,51.5012207,0.02303415,15.27512661,0.00994945,0.00074369,0.26505863,0
../data/raw/pump/id_00/normal/00000275.wav,9.815e-05,0.89466214,9058.20923002,-5.703e-05,9.61599636,3.42132258,0.07704392,49.6735878,0.03502864,14.6414081,0.00986236,0.00070938,0.26618367,0
../data/raw/pump/id_00/normal/00000173.wav,9.887e-05,0.97727787,16149.88666428,-5.889e-05,10.73464584,3.64689493,0.08445082,42.92514801,0.08336147,14.88725152,0.00990142,0.00068195,0.25682535,0
../data/raw/pump/id_00/normal/00000653.wav,6.299e-05,0.17482759,5637.73442225,-4.494e-05,8.93963718,5.85067081,0.17970466,29.26958084,0.09312176,15.54474954,0.00789667,0.00060644,0.28122977,0
../data/raw/pump/id_00/normal/00000713.wav,6.709e-05,0.20667502,16899.60112571,-4.826e-05,11.75878239,3.29242659,0.15954005,25.60998154,0.12836672,15.5481588,0.00796604,0.00184374,0.2766984,0
../data/raw/pump/id_00/normal/00000872.wav,8.058e-05,0.43753612,91041.32578297,-5.184e-05,14.28805542,4.05291939,0.14237532,32.00696182,0.17691651,14.50728186,0.00890966,0.00090765,0.26612135,0
../data/raw/pump/id_00/abnormal/00000126.wav,6.895e-05,0.6854834,3680.07533661,-4.113e-05,14.05361843,3.19899511,0.09846433,58.66181946,0.02875968,17.28015252,0.00824626,0.00082727,0.28175703,1
../data/raw/pump/id_00/normal/00000335.wav,6.933e-05,0.62668699,9676.06589116,-4.154e-05,15.90620613,3.73723125,0.11266349,59.18953705,0.08532407,16.80181408,0.00824909,0.00101228,0.27431308,0
../data/raw/pump/id_00/normal/00000076.wav,9.462e-05,1.0165354,31504.50045761,-5.192e-05,14.02487755,4.28785944,0.0872557,49.67795944,0.08881318,15.56145858,0.00967425,0.00082521,0.24318649,0
../data/raw/pump/id_00/normal/00000171.wav,0.00010088,0.58095825,25715.16234184,-5.358e-05,13.63006401,4.55302477,0.07309555,47.18361664,0.06462564,14.97356616,0.00999183,0.00082995,0.24395858,0
../data/raw/pump/id_00/normal/00000156.wav,0.00010239,1.02763259,12246.78682109,-5.929e-05,11.06447792,3.97552729,0.08390793,40.08521271,0.04052294,14.8013691,0.01007446,0.00070085,0.24781877,0
../data/raw/pump/id_00/normal/00000054.wav,8.917e-05,1.08693564,15458.21207362,-5.239e-05,7.34388828,4.05366278,0.09848461,34.20417786,0.07006896,15.64772987,0.0094034,0.00063485,0.26432816,0
../data/raw/pump/id_00/normal/00000180.wav,0.00011437,5.72150278,18302.44671161,-4.286e-05,11.72102833,4.50885105,0.07883792,75.15112305,0.04676259,17.66348721,0.01064466,0.00078398,0.24977479,0
../data/raw/pump/id_00/normal/00000769.wav,9.763e-05,1.40090442,6961.40334008,-5.654e-05,9.14302826,3.32737708,0.06710201,48.62547302,0.02479401,15.18087539,0.00983244,0.00076849,0.2628257,0
../data/raw/pump/id_00/normal/00000836.wav,0.0001011,1.78979719,13458.48289638,-5.786e-05,12.4073782,3.56128097,0.07843076,46.65241241,0.05378874,14.87974119,0.01001617,0.00063458,0.25239959,0
../data/raw/pump/id_00/normal/00000656.wav,9.157e-05,2.65706801,6328.75462823,-4.367e-05,6.54151726,3.65017867,0.08486578,62.45774841,0.04711834,16.38471605,0.0095152,0.00084341,0.26447388,0
../data/raw/pump/id_00/normal/00000647.wav,8.86e-05,0.57419592,6374.61235341,-5.136e-05,7.30757189,3.63337541,0.07332175,49.61077881,0.02047021,15.50553947,0.00936503,0.00074818,0.26121466,0
../data/raw/pump/id_00/normal/00000758.wav,7.067e-05,0.85716975,5590.36472142,-4.277e-05,12.93600845,3.66658688,0.10064678,53.19188309,0.03232814,16.69694204,0.00835953,0.00066114,0.26161845,0
../data/raw/pump/id_00/normal/00000069.wav,9.389e-05,1.94815135,13716.64436361,-4.972e-05,15.8417244,3.9731822,0.11025952,43.7331543,0.06403968,17.02091697,0.00963323,0.00085248,0.25310852,0
../data/raw/pump/id_00/normal/00000766.wav,9.65e-05,1.20965219,7062.81009041,-5.861e-05,7.75063896,3.09986973,0.07157454,43.27152252,0.02441985,15.04146022,0.00978499,0.00064758,0.27478691,0
../data/raw/pump/id_00/normal/00000339.wav,9.576e-05,0.90904224,8835.27540752,-5.644e-05,7.76840878,3.43463469,0.07238263,43.81841278,0.03195165,14.95331265,0.00974964,0.00058457,0.25720068,0
../data/raw/pump/id_00/normal/00000083.wav,9.648e-05,0.5127247,18530.49968698,-5.479e-05,10.97807693,4.0175643,0.08819483,44.40843964,0.07421456,15.43271629,0.00976983,0.00078139,0.25801588,0
../data/raw/pump/id_00/normal/00000470.wav,9.289e-05,0.5747059,8552.99785919,-4.97e-05,7.97332239,3.90874982,0.06451397,56.4615097,0.02708629,15.90421718,0.00956032,0.00104667,0.25588511,0
../data/raw/pump/id_00/normal/00000928.wav,9.312e-05,1.09599531,10201.98672723,-4.546e-05,3.17551351,3.6737318,0.10228634,72.04222107,0.07110041,17.28600741,0.00957048,0.00111467,0.26945965,0
../data/raw/pump/id_00/normal/00000436.wav,8.608e-05,0.4616133,6338.45116838,-4.791e-05,10.61839771,3.14686942,0.09711493,53.09071732,0.05245983,16.60583164,0.00920929,0.00099682,0.27614564,0
../data/raw/pump/id_00/normal/00000535.wav,9.506e-05,0.90872562,13717.06337584,-5.126e-05,12.59769344,4.01365232,0.06196336,57.17101669,0.02171113,15.47182004,0.00969626,0.00086563,0.26793755,0
../data/raw/pump/id_00/normal/00000228.wav,9.356e-05,4.05407906,24281.34350354,-4.355e-05,8.25370407,3.6719377,0.05893227,77.30327606,0.05648078,15.68284637,0.00963151,0.00058951,0.23692558,0
../data/raw/pump/id_00/normal/00000249.wav,7.426e-05,0.1781016,8824.27549764,-5.41e-05,7.03763294,2.97789264,0.15669772,25.30641556,0.09587754,14.42228662,0.00855027,0.00092394,0.27892066,0
../data/raw/pump/id_00/abnormal/00000042.wav,0.00011737,0.75358099,20122.97109445,-6.513e-05,13.72567081,4.28456116,0.10730175,38.69611359,0.10640478,14.93317838,0.01068958,0.00163119,0.25309018,1
../data/raw/pump/id_00/normal/00000218.wav,4.177e-05,0.09801487,18015.78241846,-2.818e-05,8.52599144,4.48464108,0.28789874,19.82541656,0.15590689,16.51078309,0.00641461,0.00066807,0.27736752,0
../data/raw/pump/id_00/normal/00000120.wav,9.17e-05,0.98106027,13000.78064452,-5.244e-05,11.87225342,3.47595024,0.12154615,41.13149643,0.10814584,14.27139437,0.00953314,0.00065165,0.26253545,0
../data/raw/pump/id_00/normal/00000735.wav,9.698e-05,2.88565278,14580.3914847,-4.684e-05,10.49014473,3.98355913,0.05236465,58.88425827,0.02690874,16.32289979,0.00980687,0.00064435,0.23697916,0
../data/raw/pump/id_00/normal/00000353.wav,8.57e-05,0.31606755,12946.56582858,-5.048e-05,5.7551899,3.50162792,0.08370825,53.3649025,0.04173759,15.52678518,0.00919081,0.00089556,0.26655852,0
../data/raw/pump/id_00/normal/00000706.wav,8.343e-05,0.39964554,26984.13402229,-5.339e-05,12.65628719,3.92289138,0.12895773,38.37854385,0.11198127,15.25254671,0.00902342,0.00130383,0.27521338,0
../data/raw/pump/id_00/normal/00000986.wav,9.294e-05,0.56891948,19093.64784046,-5.079e-05,12.5452404,4.09383202,0.07103478,74.39299774,0.04581196,15.32831431,0.00943568,0.00187371,0.26241887,0
../data/raw/pump/id_00/normal/00000452.wav,9.776e-05,2.14817762,15948.98586076,-4.828e-05,12.94675541,3.97728848,0.05203549,63.13141251,0.01984704,15.40259787,0.00983364,0.00078296,0.24836757,0
../data/raw/pump/id_00/normal/00000749.wav,8.983e-05,0.92882866,6739.29060496,-4.538e-05,6.43861103,3.17749453,0.09891205,80.23482513,0.05297637,17.1068323,0.00938558,0.00120228,0.27782214,0
../data/raw/pump/id_00/normal/00000073.wav,0.00010416,1.73712242,17097.41376954,-5.826e-05,13.96397972,3.90340471,0.08483302,45.13881302,0.06443214,14.88723115,0.0101629,0.00065532,0.25874491,0
../data/raw/pump/id_00/normal/00001000.wav,9.389e-05,0.67585444,13332.74944098,-5.154e-05,7.6630621,3.92637801,0.07235923,66.98709869,0.03857947,15.41949807,0.0096317,0.00087717,0.25152128,0
../data/raw/pump/id_00/normal/00000351.wav,9.87e-05,0.95347202,8382.24684409,-5.804e-05,8.20351315,2.95136261,0.08080665,34.43662643,0.03029554,14.78212522,0.00989619,0.00065176,0.25970254,0
../data/raw/pump/id_00/normal/00000407.wav,0.00010304,1.08305538,7763.65633975,-5.713e-05,13.39754295,3.98377371,0.06396796,51.1317749,0.02845524,14.90493574,0.01008755,0.00092849,0.27133766,0
../data/raw/pump/id_00/normal/00000825.wav,9.359e-05,1.38995707,17511.16351878,-4.987e-05,12.80383682,4.43376303,0.09289824,59.49450302,0.05814087,16.55217968,0.00958515,0.00114169,0.24677634,0
../data/raw/pump/id_00/normal/00000886.wav,8.776e-05,0.94128823,11605.97068554,-4.7e-05,13.14270878,3.5786891,0.09930829,68.18424225,0.05967258,17.08154277,0.00930038,0.00097323,0.26123772,0
../data/raw/pump/id_00/normal/00000107.wav,9.819e-05,0.97427189,13026.87017337,-4.873e-05,7.77371502,3.89387488,0.10808488,69.79953003,0.09073368,16.90646715,0.00982841,0.00110411,0.2616494,0
../data/raw/pump/id_00/abnormal/00000066.wav,0.00027516,1.01088142,7853.18621605,-9.912e-05,6.28279495,2.98684978,0.08481742,37.45366287,0.02526778,15.11326445,0.01626197,0.00310128,0.270019,1
../data/raw/pump/id_00/normal/00000013.wav,0.00010477,1.13718641,60741.146752,-4.546e-05,15.99262047,4.54550791,0.08617306,83.54793549,0.12780613,15.38119056,0.00949453,0.00378877,0.24884635,0
../data/raw/pump/id_00/normal/00000260.wav,9.354e-05,1.02545321,10680.73495006,-5.712e-05,8.58716965,3.32568455,0.07487239,36.56524658,0.03039918,14.97123062,0.0096304,0.00060868,0.27317005,0
../data/raw/pump/id_00/abnormal/00000131.wav,6.311e-05,0.64050978,4121.9586398,-4.154e-05,12.09182739,3.1511085,0.10461855,45.45622253,0.03110614,17.01850179,0.00790392,0.0006221,0.27449759,1
../data/raw/pump/id_00/normal/00000104.wav,0.0001014,1.263708,14550.92642848,-5.895e-05,11.00305367,3.89987183,0.08941943,38.22137833,0.06776551,14.77901701,0.0100322,0.00060266,0.25302481,0
../data/raw/pump/id_00/normal/00000794.wav,7.604e-05,1.06926525,6278.54899805,-4.471e-05,9.20095253,3.58669305,0.10432371,49.14651489,0.04812054,16.93708424,0.00867184,0.00070545,0.26674329,0
../data/raw/pump/id_00/normal/00000430.wav,9.376e-05,0.85043305,15221.90736035,-4.964e-05,8.45312405,4.22737455,0.0613768,69.84406281,0.02624657,15.42927861,0.00961353,0.00096702,0.24955407,0
../data/raw/pump/id_00/normal/00000846.wav,6.407e-05,0.6227954,71558.0017571,-4.412e-05,10.67421055,4.88626432,0.19735455,36.51748276,0.18524899,15.51809467,0.00796082,0.00063379,0.27732714,0
../data/raw/pump/id_00/normal/00000724.wav,7.383e-05,0.70787162,4537.09390101,-4.485e-05,11.78334045,3.76140404,0.1030289,52.2925148,0.03423939,16.99568353,0.00854829,0.00070728,0.27330744,0
../data/raw/pump/id_00/normal/00000915.wav,8.775e-05,1.44113851,7299.80418192,-4.363e-05,3.35764575,3.16819286,0.11208785,81.18708801,0.07791228,17.12672398,0.00926484,0.00124115,0.2692782,0
../data/raw/pump/id_00/normal/00000785.wav,6.955e-05,0.87351835,6032.45312801,-4.22e-05,11.76609421,3.93010187,0.09578581,46.71208191,0.03992617,16.8901545,0.00829606,0.0006766,0.2719623,0
../data/raw/pump/id_00/normal/00000578.wav,9.216e-05,0.47957021,7652.36943934,-5.183e-05,4.58226871,3.23740506,0.07149966,46.43080521,0.0306961,15.24647359,0.00955696,0.00064316,0.27338044,0
../data/raw/pump/id_00/normal/00000343.wav,8.815e-05,0.57867789,19547.42131575,-5.147e-05,1.52566803,3.14362049,0.08435722,37.49840927,0.09050924,15.58340118,0.00934762,0.00067863,0.26803089,0
../data/raw/pump/id_00/normal/00000412.wav,0.00010253,5.12225866,15200.43593157,-4.901e-05,13.31897449,3.25035954,0.07327963,62.10406113,0.03480088,15.60822246,0.01008244,0.00069625,0.27291197,0
../data/raw/pump/id_00/normal/00000487.wav,9.114e-05,0.72644603,8669.01735701,-5.431e-05,10.29571724,3.25801182,0.11327969,43.3064537,0.08832032,14.358547,0.00946536,0.00107459,0.27545358,0
../data/raw/pump/id_00/normal/00000130.wav,9.902e-05,0.71564651,11193.79069315,-5.944e-05,9.76351357,3.03175473,0.09835825,39.67168808,0.06201905,14.34709936,0.00990946,0.00065049,0.26502326,0
../data/raw/pump/id_00/normal/00000667.wav,9.652e-05,1.74198771,13679.98815338,-4.986e-05,13.51869869,4.22174215,0.0550463,58.04021072,0.02603754,15.48443448,0.00978067,0.0006729,0.24870394,0
../data/raw/pump/id_00/normal/00000503.wav,7.576e-05,0.81845528,6145.17773656,-4.404e-05,14.03071213,3.62035751,0.09913513,49.93068695,0.03487856,16.80203457,0.00865796,0.00074367,0.27277644,0
../data/raw/pump/id_00/normal/00000609.wav,9.256e-05,0.45532569,16645.00422331,-4.889e-05,8.79009056,3.49374151,0.0703125,77.96382141,0.07054974,15.86269055,0.00936913,0.00211375,0.26114086,0
../data/raw/pump/id_00/normal/00000680.wav,9.681e-05,1.46629441,5263.99310989,-5.722e-05,10.74624443,3.10708618,0.07552447,42.02103806,0.02283251,14.91337475,0.00979761,0.00065498,0.27631423,0
../data/raw/pump/id_00/normal/00000175.wav,8.191e-05,1.22544622,15170.96984168,-4.765e-05,10.56593132,3.53768635,0.1165245,43.76169586,0.06966671,16.65435933,0.00897707,0.00099116,0.25709521,0
../data/raw/pump/id_00/normal/00000219.wav,9.883e-05,1.89795911,9759.16094587,-5.439e-05,10.5644722,3.33041096,0.0702345,55.76840591,0.03586818,14.95252741,0.00989498,0.00068347,0.27058271,0
../data/raw/pump/id_00/normal/00000326.wav,8.841e-05,0.63307846,10315.27846252,-5.073e-05,4.02723932,3.11181521,0.07121418,49.79742813,0.03515545,15.12634599,0.00935333,0.00076496,0.27180027,0
../data/raw/pump/id_00/normal/00000865.wav,9.442e-05,0.97536713,22382.25853259,-4.983e-05,11.98021698,3.82867384,0.07524523,65.80368042,0.04962247,15.68553303,0.00963353,0.00113746,0.25228352,0
../data/raw/pump/id_00/abnormal/00000037.wav,0.00028195,0.58294326,21382.14639505,-9.321e-05,7.78096294,3.70634985,0.09205428,61.9173317,0.05386553,15.56472278,0.01604689,0.00485754,0.24485425,1
../data/raw/pump/id_00/normal/00000546.wav,9.875e-05,0.92476374,5343.76236124,-5.801e-05,7.29550314,3.09907699,0.07404559,38.67331314,0.02658074,14.65547252,0.00989458,0.00067805,0.26586899,0
../data/raw/pump/id_00/abnormal/00000121.wav,9.561e-05,1.57898259,5397.41343028,-5.542e-05,9.27223682,3.0440371,0.06739841,48.04559708,0.03323561,14.98934268,0.00973657,0.00063548,0.27718711,1
../data/raw/pump/id_00/abnormal/00000004.wav,0.0002045,1.42771935,23346.98985575,-7.953e-05,12.1791935,3.66391826,0.08969087,52.78000641,0.06734832,14.98474545,0.01371997,0.00396625,0.25789792,1
../data/raw/pump/id_00/normal/00000079.wav,8.079e-05,0.27490571,44587.89499028,-5.311e-05,9.92620468,3.69704819,0.15949169,26.69598961,0.15803213,14.60154704,0.00886774,0.0013153,0.26388739,0
../data/raw/pump/id_00/normal/00000981.wav,0.00010169,1.53709185,9808.70986658,-5.713e-05,10.25964546,3.25127006,0.07288183,42.54785156,0.03803042,15.13303885,0.01002522,0.00089202,0.26248441,0
../data/raw/pump/id_00/normal/00000093.wav,0.00010072,0.85166603,16512.78328159,-5.97e-05,15.86170673,4.03991175,0.08553346,38.92434692,0.07282824,14.65207736,0.00999012,0.00071907,0.25758734,0
../data/raw/pump/id_00/normal/00000468.wav,9.964e-05,0.89404792,5308.02402434,-5.847e-05,10.28958702,2.94918203,0.07652444,43.66950607,0.02550301,14.82153824,0.00993699,0.00071654,0.27632871,0
../data/raw/pump/id_00/normal/00000460.wav,9.978e-05,0.91491354,13000.45612719,-5.019e-05,10.05435753,4.31238317,0.05759223,72.246521,0.02056618,15.47142995,0.00991945,0.0008961,0.26340576,0
../data/raw/pump/id_00/normal/00000577.wav,9.439e-05,2.21138,9622.30357086,-4.685e-05,8.94471741,3.2870388,0.08210145,78.09822083,0.06544039,14.37991508,0.00961363,0.00128173,0.26238991,0
../data/raw/pump/id_00/normal/00000115.wav,9.476e-05,0.86053985,19157.18689673,-5.32e-05,11.09406185,4.29627275,0.08140725,53.88188934,0.07958542,15.02412148,0.00967079,0.00094202,0.25290317,0
../data/raw/pump/id_00/normal/00000700.wav,8.824e-05,0.6192767,5121.15809184,-5.224e-05,6.90740013,3.30353332,0.08305461,37.9676857,0.02298667,15.95307622,0.00934904,0.00074186,0.26649914,0
../data/raw/pump/id_00/normal/00000678.wav,9.421e-05,0.53191042,9805.1150701,-5.799e-05,7.02681255,3.30792356,0.08441026,55.21395111,0.0428066,14.89395671,0.00963364,0.00097341,0.2718932,0
../data/raw/pump/id_00/normal/00000789.wav,9.301e-05,0.83713162,11757.55367179,-5.036e-05,9.05803776,3.54781866,0.05844399,57.03528214,0.02307051,15.35552814,0.00959754,0.00073767,0.25118953,0
../data/raw/pump/id_00/normal/00000957.wav,0.00010215,0.80821621,7955.01721671,-5.988e-05,7.51160574,3.21393466,0.07901888,33.75548172,0.03510999,14.96726112,0.0100563,0.00074021,0.26714206,0
../data/raw/pump/id_00/normal/00000458.wav,9.881e-05,1.1429733,5102.21806078,-5.69e-05,9.3158083,2.92061639,0.09200748,34.80800629,0.06363394,15.05029581,0.00990529,0.00053756,0.26991675,0
../data/raw/pump/id_00/normal/00000475.wav,7.996e-05,0.3382526,66683.95708686,-5.306e-05,18.21501541,5.58288336,0.12808569,30.60722733,0.13579826,15.06389885,0.00864954,0.0021922,0.2665325,0
../data/raw/pump/id_00/normal/00000857.wav,9.127e-05,0.33219343,24931.94766315,-6.153e-05,5.25544977,3.27917767,0.10629087,24.38926125,0.09824487,14.78871121,0.00951393,0.00067121,0.26174834,0
../data/raw/pump/id_00/normal/00000634.wav,9.664e-05,1.06941938,5313.76864674,-5.822e-05,10.14837456,3.49450684,0.07223598,48.28915024,0.02689949,14.9986852,0.00978746,0.00069425,0.2703577,0
../data/raw/pump/id_00/abnormal/00000051.wav,0.00027478,0.65878409,21210.1573335,-8.6e-05,7.04802418,2.97439432,0.08062725,63.8688736,0.04405894,15.69735863,0.01562696,0.00537894,0.24342273,1
../data/raw/pump/id_00/normal/00000303.wav,9.421e-05,2.1437726,16445.08937791,-4.72e-05,8.51779175,3.59268022,0.06071224,52.11489105,0.0329099,15.53443071,0.0096589,0.00073273,0.2589109,0
../data/raw/pump/id_00/normal/00000988.wav,8.467e-05,0.19382933,5556.05289383,-5.897e-05,11.72291946,3.16460752,0.12801705,20.85229683,0.06663367,15.2032216,0.00917025,0.00051475,0.27714618,0
../data/raw/pump/id_00/normal/00000747.wav,9.076e-05,0.87292838,8622.08158317,-5.069e-05,8.49659538,3.49791431,0.06380104,59.48576736,0.04015839,15.4169641,0.00947708,0.00074589,0.26428579,0
../data/raw/pump/id_00/normal/00000650.wav,6.823e-05,0.18712181,72581.47018583,-4.928e-05,12.78903008,4.43545723,0.15872105,47.27029419,0.14903049,14.91096958,0.00799793,0.00200878,0.2712561,0
../data/raw/pump/id_00/normal/00000340.wav,6.364e-05,0.20160456,77022.73991513,-4.603e-05,5.82484102,3.11950684,0.16465686,29.2414093,0.18359256,14.71040339,0.00764923,0.00220663,0.2702163,0
../data/raw/pump/id_00/normal/00000644.wav,9.704e-05,1.27292383,10252.04770515,-5.688e-05,13.53123856,3.0338912,0.06940302,49.30674362,0.03638063,15.12705807,0.00980499,0.00069377,0.26380398,0
../data/raw/pump/id_00/normal/00000355.wav,9.8e-05,1.10195494,28361.64083696,-4.609e-05,14.25107002,4.42580509,0.05576702,80.26271057,0.04289737,15.23526036,0.00972296,0.00172599,0.24416508,0
../data/raw/pump/id_00/normal/00000266.wav,9.111e-05,0.6804111,12048.45760826,-4.955e-05,7.32729483,3.54500484,0.07331239,66.73823547,0.05197234,15.56224196,0.00948398,0.0009002,0.25581908,0
../data/raw/pump/id_00/normal/00000734.wav,9.53e-05,0.57490826,6392.62473267,-5.77e-05,6.30343151,3.0626986,0.07585363,38.53896332,0.0362353,14.7016687,0.00971767,0.00069347,0.27003605,0
../data/raw/pump/id_00/abnormal/00000067.wav,0.00013149,0.89771813,19927.8458116,-6.198e-05,12.96092033,4.19890308,0.11539974,42.41065979,0.09342077,16.26881624,0.01118169,0.0024281,0.24299652,1
../data/raw/pump/id_00/normal/00000075.wav,0.00010542,1.12509596,26208.05771759,-5.168e-05,13.87027168,4.6396656,0.06900522,60.60213089,0.06216227,14.87567939,0.01019792,0.00093118,0.23622611,0
../data/raw/pump/id_00/normal/00000930.wav,8.611e-05,0.60415906,7113.58657787,-5.116e-05,9.6009388,3.34821177,0.09283896,57.07333374,0.03969361,15.52396368,0.00922656,0.00080511,0.26671093,0
../data/raw/pump/id_00/normal/00000786.wav,8.973e-05,0.90010113,8140.926243,-5.057e-05,3.73576212,3.12624907,0.08110149,49.86889648,0.04932467,14.90704614,0.00941691,0.00080476,0.26859699,0
../data/raw/pump/id_00/normal/00000154.wav,0.00010232,1.22602189,29572.59469386,-5.885e-05,15.87705803,4.26880407,0.08653966,39.68295288,0.13178384,15.40311076,0.01007312,0.00068877,0.25541907,0
../data/raw/pump/id_00/abnormal/00000026.wav,0.00017472,2.20789242,24923.96016762,-7.133e-05,16.91594696,4.1313324,0.08845535,50.72834015,0.07737596,15.10377124,0.01273447,0.00345137,0.25443832,1
../data/raw/pump/id_00/abnormal/00000127.wav,6.797e-05,0.65942597,4846.37535592,-4.162e-05,13.08672523,3.04376101,0.10466535,54.11713028,0.03515435,17.22213237,0.00819166,0.00076934,0.28303802,1
../data/raw/pump/id_00/normal/00000064.wav,9.039e-05,0.8752715,16313.05653004,-5.708e-05,13.9948864,3.6879065,0.13090462,41.31258011,0.08543899,15.41879926,0.00934407,0.00167682,0.26203191,0
../data/raw/pump/id_00/normal/00000765.wav,8.539e-05,0.48316529,7235.09438517,-5.13e-05,4.83720922,3.40574718,0.0848845,40.28610992,0.04154068,15.3474499,0.00919904,0.00063134,0.26435694,0
../data/raw/pump/id_00/abnormal/00000040.wav,0.00012121,0.80555481,11870.57339873,-6.465e-05,10.4475193,3.65507746,0.09709309,36.47729874,0.05863572,14.59180323,0.01091963,0.00120519,0.26611492,1
../data/raw/pump/id_00/normal/00000047.wav,9.034e-05,1.95505476,17425.52122211,-4.605e-05,9.73949051,4.1030097,0.10648899,77.04115295,0.1268322,17.18112881,0.00943754,0.00092491,0.25327238,0
../data/raw/pump/id_00/normal/00000089.wav,9.223e-05,0.84150833,14798.45011192,-4.908e-05,11.55901241,4.09090185,0.10997872,68.58113098,0.07060282,16.75775088,0.0095246,0.00109373,0.25541038,0
../data/raw/pump/id_00/normal/00000762.wav,9.913e-05,1.57052684,4642.59920437,-5.701e-05,10.95771503,3.20871305,0.06939054,43.40795898,0.02152637,15.39918848,0.0099157,0.00065843,0.26685161,0
../data/raw/pump/id_00/normal/00001002.wav,8.601e-05,0.91459519,10315.75980875,-4.481e-05,13.19471741,3.30423689,0.11167133,104.11052704,0.09032864,16.92904987,0.00913286,0.00149957,0.26393295,0
../data/raw/pump/id_00/normal/00000450.wav,8.467e-05,0.86640424,3537.25112029,-5.367e-05,12.92105293,3.29818797,0.10733919,41.92740631,0.04649417,14.88484378,0.00916937,0.00050904,0.28271465,0
../data/raw/pump/id_00/normal/00000126.wav,8.106e-05,0.24906644,15789.15576852,-5.488e-05,12.46842575,3.33442283,0.16549302,28.4053154,0.14028391,14.44021602,0.00889096,0.00132591,0.27010495,0
../data/raw/pump/id_00/abnormal/00000069.wav,0.0001457,1.00677371,19999.08048359,-6.639e-05,9.61386204,3.5162642,0.10887736,45.28749466,0.07884487,14.49742635,0.01183681,0.00225727,0.25329844,1
../data/raw/pump/id_00/abnormal/00000032.wav,0.00010451,0.83904427,13780.7506122,-5.241e-05,17.01585388,3.77507353,0.11715942,54.34645462,0.07537233,16.55223806,0.01014383,0.00105656,0.26201055,1
../data/raw/pump/id_00/normal/00000643.wav,9.277e-05,0.61016548,5973.92613343,-4.353e-05,7.73852205,3.53166199,0.09831301,86.09351349,0.04626425,16.05765636,0.00950315,0.00139581,0.27013452,0
../data/raw/pump/id_00/abnormal/00000090.wav,9.346e-05,1.51483607,3175.23479165,-4.279e-05,3.14916873,2.9752562,0.08827595,90.70848846,0.02571996,16.66190271,0.00955112,0.00135906,0.28032539,1
../data/raw/pump/id_00/normal/00000197.wav,7.53e-05,0.64887911,16076.24650864,-4.567e-05,15.03344917,4.08413124,0.11331557,38.5573082,0.08240827,16.50689699,0.00863594,0.00066635,0.2505247,0
